[backblue.gif]
[fade.gif]
[index.html]
[comicbookreadingorders.com/wp-content/uploads/banner.jpg]
[comicbookreadingorders.com/wp-json/oembed/1.0/embed1845.json]
[comicbookreadingorders.com/comments/feed/index.html]
[comicbookreadingorders.com/feed/index.html]
[comicbookreadingorders.com/wp-json/oembed/1.0/embedf6c3]
[comicbookreadingorders.com/wp-content/themes/pro/cornerstone/assets/fonts/fa-solid-900d5a8.woff2]
[comicbookreadingorders.com/wp-content/themes/pro/cornerstone/assets/fonts/fa-regular-400d5a8.woff2]
[comicbookreadingorders.com/wp-content/themes/pro/cornerstone/assets/fonts/fa-light-300d5a8.woff2]
[comicbookreadingorders.com/wp-content/themes/pro/cornerstone/assets/fonts/fa-brands-400d5a8.woff2]
[comicbookreadingorders.com/wp-content/plugins/patron-plugin-pro/plugin/lib/patreon-connect/assets/fonts/librefranklin-extrabold-webfont.woff2]
[comicbookreadingorders.com/wp-json/index.html]
[comicbookreadingorders.com/wp-content/plugins/patron-plugin-pro/plugin/lib/patreon-connect/assets/fonts/librefranklin-extrabold-webfont.woff]
[comicbookreadingorders.com/wp-content/uploads/banner-300x46.jpg]
[comicbookreadingorders.com/wp-content/uploads/banner-768x117.jpg]
[comicbookreadingorders.com/wp-content/uploads/banner-100x15.jpg]
[comicbookreadingorders.com/index.html]
[comicbookreadingorders.com/wp-content/plugins/patron-plugin-pro/plugin/lib/patreon-connect/assets/css/app7b47.css]
[comicbookreadingorders.com/wp-content/themes/pro/framework/img/global/btn-circle-top-small.png]
[comicbookreadingorders.com/wp-content/themes/pro/framework/img/global/btn-circle-bottom-small.png]
[comicbookreadingorders.com/wp-content/themes/pro/framework/img/global/ilightbox-preloader-light.gif]
[comicbookreadingorders.com/wp-content/themes/pro/framework/img/global/ilightbox-thumb-overlay-play-light.png]
[comicbookreadingorders.com/wp-content/themes/pro/framework/dist/css/site/stacks/integrity-lightb34e.css]
[comicbookreadingorders.com/wp-content/themes/pro-child/styleb34e.css]
[comicbookreadingorders.com/wp-content/plugins/patron-plugin-pro/plugin/lib/patron-button-and-widgets-by-codebard/plugin/templates/default/style4d6f.css]
[comicbookreadingorders.com/wp-content/plugins/patron-plugin-pro/plugin/templates/default/style1c12.css]
[comicbookreadingorders.com/wp-includes/js/jquery/jquery.minf43b.js]
[comicbookreadingorders.com/wp-includes/js/jquery/jquery-migrate.min5589.js]
[comicbookreadingorders.com/wp-json/wp/v2/pages/23.json]
[comicbookreadingorders.com/wp-content/uploads/cbro.circle.01.svg]
[comicbookreadingorders.com/wp-content/uploads/main.header.svg]
[comicbookreadingorders.com/wp-json/oembed/1.0/embedc013.json]
[comicbookreadingorders.com/wp-json/oembed/1.0/embed517a]
[comicbookreadingorders.com/marvel/index.html]
[comicbookreadingorders.com/wp-json/oembed/1.0/embed8a5b.json]
[comicbookreadingorders.com/wp-json/oembed/1.0/embedc57a]
[comicbookreadingorders.com/marvel/events/index.html]
[comicbookreadingorders.com/wp-json/oembed/1.0/embededa6.json]
[comicbookreadingorders.com/wp-json/oembed/1.0/embed68e9]
[comicbookreadingorders.com/marvel/characters/index.html]
[comicbookreadingorders.com/wp-json/oembed/1.0/embed53a6.json]
[comicbookreadingorders.com/wp-json/oembed/1.0/embed119a]
[comicbookreadingorders.com/marvel/marvel-master-reading-order/index.html]
[comicbookreadingorders.com/wp-json/oembed/1.0/embedfdf4.json]
[comicbookreadingorders.com/wp-json/oembed/1.0/embed2af7]
[comicbookreadingorders.com/dc/index.html]
[comicbookreadingorders.com/wp-json/oembed/1.0/embed6cb8.json]
[comicbookreadingorders.com/wp-json/oembed/1.0/embedca33]
[comicbookreadingorders.com/dc/events/index.html]
[comicbookreadingorders.com/wp-json/oembed/1.0/embed48a8.json]
[comicbookreadingorders.com/wp-json/oembed/1.0/embed0818]
[comicbookreadingorders.com/dc/characters/index.html]
[comicbookreadingorders.com/wp-json/oembed/1.0/embed8681]
[comicbookreadingorders.com/dc/dc-master-reading-order/index.html]
[comicbookreadingorders.com/wp-json/oembed/1.0/embed279e.json]
[comicbookreadingorders.com/wp-json/oembed/1.0/embede966]
[comicbookreadingorders.com/other/index.html]
[comicbookreadingorders.com/wp-json/oembed/1.0/embedca82.json]
[comicbookreadingorders.com/wp-json/oembed/1.0/embed43a4]
[comicbookreadingorders.com/updates/index.html]
[comicbookreadingorders.com/wp-json/oembed/1.0/embed5491.json]
[comicbookreadingorders.com/wp-json/oembed/1.0/embedca9a]
[comicbookreadingorders.com/faq/index.html]
[comicbookreadingorders.com/wp-json/oembed/1.0/embed24af.json]
[comicbookreadingorders.com/wp-json/oembed/1.0/embedc8d2]
[comicbookreadingorders.com/contact/index.html]
[comicbookreadingorders.com/wp-json/oembed/1.0/embed9073.json]
[comicbookreadingorders.com/wp-json/oembed/1.0/embed1653]
[comicbookreadingorders.com/marvel/characters/alpha-flight-reading-order/index.html]
[comicbookreadingorders.com/wp-json/oembed/1.0/embed5e49.json]
[comicbookreadingorders.com/wp-json/oembed/1.0/embed76c7]
[comicbookreadingorders.com/dc/characters/darkseid-reading-order/index.html]
[comicbookreadingorders.com/wp-json/oembed/1.0/embed65ed.json]
[comicbookreadingorders.com/wp-json/oembed/1.0/embed052e]
[comicbookreadingorders.com/marvel/characters/the-maker-reading-order/index.html]
[comicbookreadingorders.com/wp-json/oembed/1.0/embed0ee5.json]
[comicbookreadingorders.com/wp-json/oembed/1.0/embed73b1]
[comicbookreadingorders.com/dc/characters/huntress-reading-order/index.html]
[comicbookreadingorders.com/wp-json/oembed/1.0/embed93e8.json]
[comicbookreadingorders.com/wp-json/oembed/1.0/embed3562]
[comicbookreadingorders.com/dc/characters/onomatopoeia-reading-order/index.html]
[comicbookreadingorders.com/wp-json/oembed/1.0/embedb72b.json]
[comicbookreadingorders.com/wp-json/oembed/1.0/embedaf71]
[comicbookreadingorders.com/marvel/characters/the-hood-reading-order/index.html]
[comicbookreadingorders.com/wp-json/oembed/1.0/embed5512.json]
[comicbookreadingorders.com/wp-json/oembed/1.0/embed4e04]
[comicbookreadingorders.com/marvel/characters/ironheart-reading-order/index.html]
[comicbookreadingorders.com/wp-content/themes/pro/cornerstone/assets/js/site/cs-classic.7.9.4ebbe.js]
[comicbookreadingorders.com/wp-includes/js/dist/hooks.min4ce2.js]
[comicbookreadingorders.com/wp-includes/js/dist/i18n.min99af.js]
[comicbookreadingorders.com/wp-content/plugins/contact-form-7/includes/swv/js/index36b6.js]
[comicbookreadingorders.com/wp-content/plugins/contact-form-7/includes/js/index36b6.js]
[comicbookreadingorders.com/wp-content/plugins/patron-plugin-pro/plugin/lib/patreon-connect/assets/js/app4d6f.js]
[comicbookreadingorders.com/wp-content/themes/pro/framework/dist/js/site/xb34e.js]
[comicbookreadingorders.com/wp-includes/js/comment-reply.min4d6f.js]
[comicbookreadingorders.com/wp-content/themes/pro/framework/dist/js/site/stackb34e.js]
[www.google.com/recaptcha/apic353.js]
[comicbookreadingorders.com/wp-includes/js/dist/vendor/wp-polyfill.min2c7c.js]
[comicbookreadingorders.com/wp-content/plugins/contact-form-7/modules/recaptcha/index36b6.js]
[comicbookreadingorders.com/wp-content/uploads/cbro.circle.site.html]
[comicbookreadingorders.com/wp-json/wp/v2/pages/36.json]
[comicbookreadingorders.com/index0d0b.html]
[comicbookreadingorders.com/wp-json/oembed/1.0/embed2f73.json]
[comicbookreadingorders.com/wp-json/oembed/1.0/embed4fd2]
[comicbookreadingorders.com/marvel/event-timeline/index.html]
[comicbookreadingorders.com/wp-json/oembed/1.0/embed23e5.json]
[comicbookreadingorders.com/wp-json/oembed/1.0/embed1f28]
[comicbookreadingorders.com/marvel/marvel-master-reading-order-part-7/index.html]
[comicbookreadingorders.com/wp-json/oembed/1.0/embeda626.json]
[comicbookreadingorders.com/wp-json/oembed/1.0/embed3a80]
[comicbookreadingorders.com/marvel/events/marvel-now-reading-order/index.html]
[comicbookreadingorders.com/wp-json/oembed/1.0/embed90ff.json]
[comicbookreadingorders.com/wp-json/oembed/1.0/embed9d09]
[comicbookreadingorders.com/marvel/events/avengers-vs-x-men-reading-order/index.html]
[comicbookreadingorders.com/wp-json/oembed/1.0/embed31e9.json]
[comicbookreadingorders.com/wp-json/oembed/1.0/embed5fd0]
[comicbookreadingorders.com/marvel/events/all-new-all-different-marvel-reading-order/index.html]
[comicbookreadingorders.com/wp-json/oembed/1.0/embedd520.json]
[comicbookreadingorders.com/wp-json/oembed/1.0/embed1c1c]
[comicbookreadingorders.com/marvel/events/jonathan-hickmans-marvel-2009-2015-reading-order/index.html]
[comicbookreadingorders.com/wp-json/oembed/1.0/embedad2b.json]
[comicbookreadingorders.com/wp-json/oembed/1.0/embedae9a]
[comicbookreadingorders.com/marvel/events/secret-wars-2015-reading-order/index.html]
[comicbookreadingorders.com/wp-json/oembed/1.0/embedcb0e.json]
[comicbookreadingorders.com/wp-json/oembed/1.0/embed23a2]
[comicbookreadingorders.com/marvel/events/ultimate-marvel-reading-order/index.html]
[comicbookreadingorders.com/wp-json/oembed/1.0/embedf8d6.json]
[comicbookreadingorders.com/wp-json/oembed/1.0/embed3bfe]
[comicbookreadingorders.com/marvel/events/marvel-2099-reading-order/index.html]
[comicbookreadingorders.com/wp-json/oembed/1.0/embed923e.json]
[comicbookreadingorders.com/wp-json/oembed/1.0/embed425a]
[comicbookreadingorders.com/marvel/events/mc2-reading-order/index.html]
[comicbookreadingorders.com/wp-json/oembed/1.0/embedf984.json]
[comicbookreadingorders.com/wp-json/oembed/1.0/embed7c44]
[comicbookreadingorders.com/marvel/events/earth-x-reading-order/index.html]
[comicbookreadingorders.com/wp-json/oembed/1.0/embedf5e4.json]
[comicbookreadingorders.com/wp-json/oembed/1.0/embed48b0]
[comicbookreadingorders.com/marvel/events/marvel-zombies-reading-order/index.html]
[comicbookreadingorders.com/wp-json/wp/v2/pages/58.json]
[comicbookreadingorders.com/indexe9b4.html]
[comicbookreadingorders.com/wp-json/oembed/1.0/embed1320.json]
[comicbookreadingorders.com/wp-json/oembed/1.0/embed4e0f]
[comicbookreadingorders.com/marvel/events/2099-reading-order/index.html]
[comicbookreadingorders.com/wp-json/oembed/1.0/embed31b2.json]
[comicbookreadingorders.com/wp-json/oembed/1.0/embedd435]
[comicbookreadingorders.com/other/feed/index.html]
[comicbookreadingorders.com/marvel/events/a-x-e-judgment-day-reading-order/index.html]
[comicbookreadingorders.com/wp-json/oembed/1.0/embedffff.json]
[comicbookreadingorders.com/wp-json/oembed/1.0/embedcc5c]
[comicbookreadingorders.com/marvel/events/a-fresh-start-reading-order/index.html]
[comicbookreadingorders.com/wp-json/oembed/1.0/embedba47.json]
[comicbookreadingorders.com/wp-json/oembed/1.0/embedd0ae]
[comicbookreadingorders.com/marvel/events/absolute-carnage-reading-order/index.html]
[comicbookreadingorders.com/wp-json/oembed/1.0/embed3e4c.json]
[comicbookreadingorders.com/wp-json/oembed/1.0/embed6613]
[comicbookreadingorders.com/marvel/events/acts-of-vengeance-reading-order/index.html]
[comicbookreadingorders.com/wp-json/oembed/1.0/embeda6ad.json]
[comicbookreadingorders.com/wp-json/oembed/1.0/embed26a0]
[comicbookreadingorders.com/marvel/events/age-of-apocalypse-reading-order/index.html]
[comicbookreadingorders.com/wp-json/oembed/1.0/embed43cd.json]
[comicbookreadingorders.com/wp-json/oembed/1.0/embed1601]
[comicbookreadingorders.com/marvel/events/age-of-ultron-reading-order/index.html]
[comicbookreadingorders.com/wp-json/oembed/1.0/embed2719.json]
[comicbookreadingorders.com/wp-json/oembed/1.0/embed0db4]
[comicbookreadingorders.com/marvel/events/age-of-x-reading-order/index.html]
[comicbookreadingorders.com/wp-json/oembed/1.0/embed26a9.json]
[comicbookreadingorders.com/wp-json/oembed/1.0/embed5095]
[comicbookreadingorders.com/marvel/events/age-of-x-man-reading-order/index.html]
[comicbookreadingorders.com/wp-json/oembed/1.0/embed78f0.json]
[comicbookreadingorders.com/wp-json/oembed/1.0/embedcfe0]
[comicbookreadingorders.com/marvel/events/annihilation-reading-order/index.html]
[comicbookreadingorders.com/wp-json/oembed/1.0/embed9870.json]
[comicbookreadingorders.com/wp-json/oembed/1.0/embed3277]
[comicbookreadingorders.com/marvel/events/annihilation-conquest-reading-order/index.html]
[comicbookreadingorders.com/wp-json/oembed/1.0/embed67d8.json]
[comicbookreadingorders.com/wp-json/oembed/1.0/embed5098]
[comicbookreadingorders.com/marvel/events/annihilation-scourge-reading-order/index.html]
[comicbookreadingorders.com/wp-json/oembed/1.0/embed110e.json]
[comicbookreadingorders.com/wp-json/oembed/1.0/embedbc7f]
[comicbookreadingorders.com/marvel/events/apocalypse-the-twelve-reading-order/index.html]
[comicbookreadingorders.com/wp-json/oembed/1.0/embed9b42.json]
[comicbookreadingorders.com/wp-json/oembed/1.0/embedd431]
[comicbookreadingorders.com/marvel/events/apocalypse-wars-reading-order/index.html]
[comicbookreadingorders.com/wp-json/oembed/1.0/embed2462.json]
[comicbookreadingorders.com/wp-json/oembed/1.0/embed1d37]
[comicbookreadingorders.com/marvel/events/atlantis-attacks-reading-order/index.html]
[comicbookreadingorders.com/wp-json/oembed/1.0/embedfcd1.json]
[comicbookreadingorders.com/wp-json/oembed/1.0/embed47dc]
[comicbookreadingorders.com/marvel/events/avengers-assemble-reading-order/index.html]
[comicbookreadingorders.com/wp-json/oembed/1.0/embed7759.json]
[comicbookreadingorders.com/wp-json/oembed/1.0/embed03e0]
[comicbookreadingorders.com/marvel/events/avengers-defenders-war-reading-order/index.html]
[comicbookreadingorders.com/wp-json/oembed/1.0/embed9b78.json]
[comicbookreadingorders.com/wp-json/oembed/1.0/embedb077]
[comicbookreadingorders.com/marvel/events/avengers-disassembled-reading-order/index.html]
[comicbookreadingorders.com/wp-json/oembed/1.0/embede974.json]
[comicbookreadingorders.com/wp-json/oembed/1.0/embede162]
[comicbookreadingorders.com/marvel/events/avengers-standoff-reading-order/index.html]
[comicbookreadingorders.com/wp-json/oembed/1.0/embed9d95.json]
[comicbookreadingorders.com/wp-json/oembed/1.0/embed7c55]
[comicbookreadingorders.com/marvel/events/avengers-x-men-axis-reading-order/index.html]
[comicbookreadingorders.com/wp-json/oembed/1.0/embed3330.json]
[comicbookreadingorders.com/wp-json/oembed/1.0/embedaa30]
[comicbookreadingorders.com/marvel/events/battle-of-the-atom-reading-order/index.html]
[comicbookreadingorders.com/wp-json/oembed/1.0/embedc5a0.json]
[comicbookreadingorders.com/wp-json/oembed/1.0/embed704f]
[comicbookreadingorders.com/marvel/events/black-vortex-reading-order/index.html]
[comicbookreadingorders.com/wp-json/oembed/1.0/embed145f.json]
[comicbookreadingorders.com/wp-json/oembed/1.0/embedb234]
[comicbookreadingorders.com/marvel/events/blood-hunt-reading-order/index.html]
[comicbookreadingorders.com/wp-json/oembed/1.0/embedb2c4.json]
[comicbookreadingorders.com/wp-json/oembed/1.0/embeddf0f]
[comicbookreadingorders.com/marvel/events/blood-and-thunder-reading-order/index.html]
[comicbookreadingorders.com/wp-json/oembed/1.0/embed01de.json]
[comicbookreadingorders.com/wp-json/oembed/1.0/embed8744]
[comicbookreadingorders.com/marvel/events/bloodties-reading-order/index.html]
[comicbookreadingorders.com/wp-json/oembed/1.0/embed14d8.json]
[comicbookreadingorders.com/wp-json/oembed/1.0/embed4acf]
[comicbookreadingorders.com/marvel/events/chaos-war-reading-order/index.html]
[comicbookreadingorders.com/wp-json/oembed/1.0/embed0c76.json]
[comicbookreadingorders.com/wp-json/oembed/1.0/embed0e1d]
[comicbookreadingorders.com/marvel/events/childs-play-reading-order/index.html]
[comicbookreadingorders.com/wp-json/oembed/1.0/embed5d5b.json]
[comicbookreadingorders.com/wp-json/oembed/1.0/embedd0d6]
[comicbookreadingorders.com/marvel/events/civil-war-reading-order/index.html]
[comicbookreadingorders.com/wp-json/oembed/1.0/embed61cf.json]
[comicbookreadingorders.com/wp-json/oembed/1.0/embed18ce]
[comicbookreadingorders.com/marvel/events/civil-war-ii-reading-order/index.html]
[comicbookreadingorders.com/wp-json/oembed/1.0/embed97e5.json]
[comicbookreadingorders.com/wp-json/oembed/1.0/embed220e]
[comicbookreadingorders.com/marvel/events/cosmic-marvel-reading-order/index.html]
[comicbookreadingorders.com/wp-json/oembed/1.0/embed8796.json]
[comicbookreadingorders.com/wp-json/oembed/1.0/embed4d63]
[comicbookreadingorders.com/marvel/events/countdown-reading-order/index.html]
[comicbookreadingorders.com/wp-json/oembed/1.0/embed2123.json]
[comicbookreadingorders.com/wp-json/oembed/1.0/embed8adb]
[comicbookreadingorders.com/marvel/events/curse-of-the-mutants-reading-order/index.html]
[comicbookreadingorders.com/wp-json/oembed/1.0/embedba2c.json]
[comicbookreadingorders.com/wp-json/oembed/1.0/embed97b6]
[comicbookreadingorders.com/marvel/events/damnation-reading-order/index.html]
[comicbookreadingorders.com/wp-json/oembed/1.0/embeddf33.json]
[comicbookreadingorders.com/wp-json/oembed/1.0/embedae48]
[comicbookreadingorders.com/marvel/events/dark-reign-reading-order/index.html]
[comicbookreadingorders.com/wp-json/oembed/1.0/embed8966.json]
[comicbookreadingorders.com/wp-json/oembed/1.0/embedd4bc]
[comicbookreadingorders.com/marvel/events/dark-web-reading-order/index.html]
[comicbookreadingorders.com/wp-json/oembed/1.0/embed0ef4.json]
[comicbookreadingorders.com/wp-json/oembed/1.0/embed1dfc]
[comicbookreadingorders.com/marvel/events/days-of-future-present-reading-order/index.html]
[comicbookreadingorders.com/wp-json/oembed/1.0/embed11bb.json]
[comicbookreadingorders.com/wp-json/oembed/1.0/embed4a8e]
[comicbookreadingorders.com/marvel/events/dead-mans-hand-reading-order/index.html]
[comicbookreadingorders.com/wp-json/oembed/1.0/embed5559.json]
[comicbookreadingorders.com/wp-json/oembed/1.0/embed04f2]
[comicbookreadingorders.com/marvel/events/dead-no-more-clone-conspiracy-reading-order/index.html]
[comicbookreadingorders.com/wp-json/oembed/1.0/embed397d.json]
[comicbookreadingorders.com/wp-json/oembed/1.0/embed6cb2]
[comicbookreadingorders.com/marvel/events/death-of-doctor-strange-reading-order/index.html]
[comicbookreadingorders.com/wp-json/oembed/1.0/embed1677.json]
[comicbookreadingorders.com/wp-json/oembed/1.0/embed77c9]
[comicbookreadingorders.com/marvel/events/death-of-wolverine-reading-order/index.html]
[comicbookreadingorders.com/wp-json/oembed/1.0/embedd5f3.json]
[comicbookreadingorders.com/wp-json/oembed/1.0/embede28e]
[comicbookreadingorders.com/marvel/events/decimation-reading-order/index.html]
[comicbookreadingorders.com/wp-json/oembed/1.0/embed1916.json]
[comicbookreadingorders.com/wp-json/oembed/1.0/embed8030]
[comicbookreadingorders.com/marvel/events/devils-reign-reading-order/index.html]
[comicbookreadingorders.com/wp-json/oembed/1.0/embed1c82.json]
[comicbookreadingorders.com/wp-json/oembed/1.0/embed0b43]
[comicbookreadingorders.com/marvel/events/eighth-day-reading-order/index.html]
[comicbookreadingorders.com/wp-json/oembed/1.0/embedae85.json]
[comicbookreadingorders.com/wp-json/oembed/1.0/embed1044]
[comicbookreadingorders.com/marvel/events/empyre-reading-order/index.html]
[comicbookreadingorders.com/wp-json/oembed/1.0/embed797b.json]
[comicbookreadingorders.com/wp-json/oembed/1.0/embed37d0]
[comicbookreadingorders.com/marvel/events/eve-of-destruction-reading-order/index.html]
[comicbookreadingorders.com/wp-json/oembed/1.0/embed4464.json]
[comicbookreadingorders.com/wp-json/oembed/1.0/embed2c43]
[comicbookreadingorders.com/marvel/events/evolutionary-war-reading-order/index.html]
[comicbookreadingorders.com/wp-json/oembed/1.0/embed57e8.json]
[comicbookreadingorders.com/wp-json/oembed/1.0/embedf83a]
[comicbookreadingorders.com/marvel/events/fall-of-the-hulks-reading-order/index.html]
[comicbookreadingorders.com/wp-json/oembed/1.0/embedf795.json]
[comicbookreadingorders.com/wp-json/oembed/1.0/embed2400]
[comicbookreadingorders.com/marvel/events/fall-of-the-mutants-reading-order/index.html]
[comicbookreadingorders.com/wp-json/oembed/1.0/embedcd6a.json]
[comicbookreadingorders.com/wp-json/oembed/1.0/embed4368]
[comicbookreadingorders.com/marvel/events/fatal-attractions-reading-order/index.html]
[comicbookreadingorders.com/wp-json/oembed/1.0/embed857c.json]
[comicbookreadingorders.com/wp-json/oembed/1.0/embede0ff]
[comicbookreadingorders.com/marvel/events/fear-itself-reading-order/index.html]
[comicbookreadingorders.com/wp-json/oembed/1.0/embed9261.json]
[comicbookreadingorders.com/wp-json/oembed/1.0/embed2ed6]
[comicbookreadingorders.com/marvel/events/for-love-nor-money-reading-order/index.html]
[comicbookreadingorders.com/wp-json/oembed/1.0/embed14d7.json]
[comicbookreadingorders.com/wp-json/oembed/1.0/embedec58]
[comicbookreadingorders.com/marvel/events/gang-war-reading-order/index.html]
[comicbookreadingorders.com/marvel/events/moz-extension_/541a6bdc-df7d-413c-96d8-93c64446b6d0/js/app.html]
[comicbookreadingorders.com/wp-json/oembed/1.0/embed1fa1.json]
[comicbookreadingorders.com/wp-json/oembed/1.0/embed68e4]
[comicbookreadingorders.com/marvel/events/goblin-nation-reading-order/index.html]
[comicbookreadingorders.com/wp-json/oembed/1.0/embed1ae6.json]
[comicbookreadingorders.com/wp-json/oembed/1.0/embeda18c]
[comicbookreadingorders.com/marvel/events/hellfire-gala-reading-order/index.html]
[comicbookreadingorders.com/wp-json/oembed/1.0/embed9c3d.json]
[comicbookreadingorders.com/wp-json/oembed/1.0/embeddbff]
[comicbookreadingorders.com/marvel/events/heroes-reborn-reading-order/index.html]
[comicbookreadingorders.com/wp-json/oembed/1.0/embede00f.json]
[comicbookreadingorders.com/wp-json/oembed/1.0/embedd733]
[comicbookreadingorders.com/marvel/events/heroes-reborn-2021-reading-order/index.html]
[comicbookreadingorders.com/wp-json/oembed/1.0/embed68a7.json]
[comicbookreadingorders.com/wp-json/oembed/1.0/embed5b8f]
[comicbookreadingorders.com/marvel/events/heroic-age-reading-order/index.html]
[comicbookreadingorders.com/wp-json/oembed/1.0/embed3146.json]
[comicbookreadingorders.com/wp-json/oembed/1.0/embed8e6c]
[comicbookreadingorders.com/marvel/events/house-of-m-reading-order/index.html]
[comicbookreadingorders.com/wp-json/oembed/1.0/embeda747.json]
[comicbookreadingorders.com/wp-json/oembed/1.0/embeddddf]
[comicbookreadingorders.com/marvel/events/hunt-for-xavier-reading-order/index.html]
[comicbookreadingorders.com/wp-json/oembed/1.0/embed96bb.json]
[comicbookreadingorders.com/wp-json/oembed/1.0/embedbcfe]
[comicbookreadingorders.com/marvel/events/imperial-reading-order/index.html]
[comicbookreadingorders.com/wp-json/oembed/1.0/embed18fd.json]
[comicbookreadingorders.com/wp-json/oembed/1.0/embed1f10]
[comicbookreadingorders.com/marvel/events/inferno-reading-order/index.html]
[comicbookreadingorders.com/wp-json/oembed/1.0/embed75c6.json]
[comicbookreadingorders.com/wp-json/oembed/1.0/embed1757]
[comicbookreadingorders.com/marvel/events/infinity-reading-order/index.html]
[comicbookreadingorders.com/wp-json/oembed/1.0/embed9709.json]
[comicbookreadingorders.com/wp-json/oembed/1.0/embed8ca4]
[comicbookreadingorders.com/marvel/events/infinity-countdown-reading-order/index.html]
[comicbookreadingorders.com/wp-json/oembed/1.0/embede097.json]
[comicbookreadingorders.com/wp-json/oembed/1.0/embed5bda]
[comicbookreadingorders.com/marvel/events/infinity-crusade-reading-order/index.html]
[comicbookreadingorders.com/wp-json/oembed/1.0/embedac65.json]
[comicbookreadingorders.com/wp-json/oembed/1.0/embedab5f]
[comicbookreadingorders.com/marvel/events/infinity-gauntlet-reading-order/index.html]
[comicbookreadingorders.com/wp-json/oembed/1.0/embed2d3f.json]
[comicbookreadingorders.com/wp-json/oembed/1.0/embed2f54]
[comicbookreadingorders.com/marvel/events/infinity-war-reading-order/index.html]
[comicbookreadingorders.com/wp-json/oembed/1.0/embed2462-2.json]
[comicbookreadingorders.com/wp-json/oembed/1.0/embed48be]
[comicbookreadingorders.com/marvel/events/infinity-wars-reading-order/index.html]
[comicbookreadingorders.com/wp-json/oembed/1.0/embedb1e8.json]
[comicbookreadingorders.com/wp-json/oembed/1.0/embed93ba]
[comicbookreadingorders.com/marvel/events/inhumanity-reading-order/index.html]
[comicbookreadingorders.com/wp-json/oembed/1.0/embedac69.json]
[comicbookreadingorders.com/wp-json/oembed/1.0/embedbd91]
[comicbookreadingorders.com/marvel/events/inhumans-vs-x-men-reading-order/index.html]
[comicbookreadingorders.com/wp-json/oembed/1.0/embedc986.json]
[comicbookreadingorders.com/wp-json/oembed/1.0/embed2667]
[comicbookreadingorders.com/marvel/events/the-initiative-reading-order/index.html]
[comicbookreadingorders.com/wp-json/oembed/1.0/embed5419.json]
[comicbookreadingorders.com/wp-json/oembed/1.0/embed5233]
[comicbookreadingorders.com/marvel/events/iron-man-2020/index.html]
[comicbookreadingorders.com/wp-json/oembed/1.0/embed6d68.json]
[comicbookreadingorders.com/wp-json/oembed/1.0/embed1056]
[comicbookreadingorders.com/marvel/events/king-in-black-reading-order/index.html]
[comicbookreadingorders.com/wp-json/oembed/1.0/embed1b7a.json]
[comicbookreadingorders.com/wp-json/oembed/1.0/embed43a2]
[comicbookreadingorders.com/marvel/events/kravens-last-hunt-reading-order/index.html]
[comicbookreadingorders.com/wp-json/oembed/1.0/embed44c8.json]
[comicbookreadingorders.com/wp-json/oembed/1.0/embed52df]
[comicbookreadingorders.com/marvel/events/last-annihilation-reading-order/index.html]
[comicbookreadingorders.com/wp-json/oembed/1.0/embed9715.json]
[comicbookreadingorders.com/wp-json/oembed/1.0/embedf840]
[comicbookreadingorders.com/marvel/events/magneto-war-reading-order/index.html]
[comicbookreadingorders.com/wp-json/oembed/1.0/embede18e.json]
[comicbookreadingorders.com/wp-json/oembed/1.0/embed304a]
[comicbookreadingorders.com/marvel/events/marvel-1602-reading-order/index.html]
[comicbookreadingorders.com/wp-json/oembed/1.0/embed5d3f.json]
[comicbookreadingorders.com/wp-json/oembed/1.0/embed1185]
[comicbookreadingorders.com/marvel/events/marvel-legacy-reading-order/index.html]
[comicbookreadingorders.com/wp-json/oembed/1.0/embed9978.json]
[comicbookreadingorders.com/wp-json/oembed/1.0/embed6ff0]
[comicbookreadingorders.com/marvel/events/maximum-carnage-reading-order/index.html]
[comicbookreadingorders.com/wp-json/oembed/1.0/embed9996.json]
[comicbookreadingorders.com/wp-json/oembed/1.0/embedb77a]
[comicbookreadingorders.com/marvel/events/maximum-security-reading-order/index.html]
[comicbookreadingorders.com/wp-json/oembed/1.0/embedc18a.json]
[comicbookreadingorders.com/wp-json/oembed/1.0/embedf1a8]
[comicbookreadingorders.com/marvel/events/messiah-war-reading-order/index.html]
[comicbookreadingorders.com/wp-json/oembed/1.0/embedfd48.json]
[comicbookreadingorders.com/wp-json/oembed/1.0/embed9acb]
[comicbookreadingorders.com/marvel/events/midnight-massacre-reading-order/index.html]
[comicbookreadingorders.com/wp-json/oembed/1.0/embed6013.json]
[comicbookreadingorders.com/wp-json/oembed/1.0/embedff7b]
[comicbookreadingorders.com/marvel/events/minimum-carnage-reading-order/index.html]
[comicbookreadingorders.com/wp-json/oembed/1.0/embedfd60.json]
[comicbookreadingorders.com/wp-json/oembed/1.0/embede426]
[comicbookreadingorders.com/marvel/events/monsters-unleashed-reading-order/index.html]
[comicbookreadingorders.com/wp-json/oembed/1.0/embedf5ef.json]
[comicbookreadingorders.com/wp-json/oembed/1.0/embedef98]
[comicbookreadingorders.com/marvel/events/muir-island-saga-reading-order/index.html]
[comicbookreadingorders.com/wp-json/oembed/1.0/embed577d.json]
[comicbookreadingorders.com/wp-json/oembed/1.0/embedce37]
[comicbookreadingorders.com/marvel/events/mutant-massacre-reading-order/index.html]
[comicbookreadingorders.com/wp-json/oembed/1.0/embedb772.json]
[comicbookreadingorders.com/wp-json/oembed/1.0/embed8d9f]
[comicbookreadingorders.com/marvel/events/necrosha-reading-order/index.html]
[comicbookreadingorders.com/wp-json/oembed/1.0/embedb739.json]
[comicbookreadingorders.com/wp-json/oembed/1.0/embed18e5]
[comicbookreadingorders.com/marvel/events/one-more-day-reading-order/index.html]
[comicbookreadingorders.com/wp-json/oembed/1.0/embed7d44.json]
[comicbookreadingorders.com/wp-json/oembed/1.0/embedcdc4]
[comicbookreadingorders.com/marvel/events/one-world-under-doom-reading-order/index.html]
[comicbookreadingorders.com/wp-json/oembed/1.0/embed2253.json]
[comicbookreadingorders.com/wp-json/oembed/1.0/embed74b7]
[comicbookreadingorders.com/marvel/events/onslaught-saga-reading-order/index.html]
[comicbookreadingorders.com/wp-json/oembed/1.0/embedd16a.json]
[comicbookreadingorders.com/wp-json/oembed/1.0/embedba6b]
[comicbookreadingorders.com/marvel/events/operation-galactic-storm-reading-order/index.html]
[comicbookreadingorders.com/wp-json/oembed/1.0/embedf018.json]
[comicbookreadingorders.com/wp-json/oembed/1.0/embed14b0]
[comicbookreadingorders.com/marvel/events/operation-zero-tolerance-reading-order/index.html]
[comicbookreadingorders.com/wp-json/oembed/1.0/embedbc33.json]
[comicbookreadingorders.com/wp-json/oembed/1.0/embedf736]
[comicbookreadingorders.com/marvel/events/original-sin-reading-order/index.html]
[comicbookreadingorders.com/wp-json/oembed/1.0/embeda302.json]
[comicbookreadingorders.com/wp-json/oembed/1.0/embed2c7b]
[comicbookreadingorders.com/marvel/events/over-the-edge-reading-order/index.html]
[comicbookreadingorders.com/wp-json/oembed/1.0/embedd0a9.json]
[comicbookreadingorders.com/wp-json/oembed/1.0/embeddb62]
[comicbookreadingorders.com/marvel/events/phalanx-covenant-reading-order/index.html]
[comicbookreadingorders.com/wp-json/oembed/1.0/embed651e.json]
[comicbookreadingorders.com/wp-json/oembed/1.0/embed0266]
[comicbookreadingorders.com/marvel/events/planet-hulk-reading-order/index.html]
[comicbookreadingorders.com/wp-json/oembed/1.0/embed056b.json]
[comicbookreadingorders.com/wp-json/oembed/1.0/embedf971]
[comicbookreadingorders.com/marvel/events/realm-of-kings-reading-order/index.html]
[comicbookreadingorders.com/wp-json/oembed/1.0/embedd5cc.json]
[comicbookreadingorders.com/wp-json/oembed/1.0/embed035f]
[comicbookreadingorders.com/marvel/events/revolutionary-war-reading-order/index.html]
[comicbookreadingorders.com/wp-json/oembed/1.0/embed8a25.json]
[comicbookreadingorders.com/wp-json/oembed/1.0/embede0ac]
[comicbookreadingorders.com/marvel/events/rise-of-the-midnight-sons-reading-order/index.html]
[comicbookreadingorders.com/wp-json/oembed/1.0/embed8d4d.json]
[comicbookreadingorders.com/wp-json/oembed/1.0/embedf01c]
[comicbookreadingorders.com/marvel/events/road-to-vengeance-missing-link-reading-order/index.html]
[comicbookreadingorders.com/wp-json/oembed/1.0/embed39a9.json]
[comicbookreadingorders.com/wp-json/oembed/1.0/embeded58]
[comicbookreadingorders.com/marvel/events/second-clone-saga-reading-order/index.html]
[comicbookreadingorders.com/wp-json/oembed/1.0/embedb963.json]
[comicbookreadingorders.com/wp-json/oembed/1.0/embed3d6e]
[comicbookreadingorders.com/marvel/events/secret-empire-reading-order/index.html]
[comicbookreadingorders.com/wp-json/oembed/1.0/embedcf1c.json]
[comicbookreadingorders.com/wp-json/oembed/1.0/embede15a]
[comicbookreadingorders.com/marvel/events/secret-invasion-reading-order/index.html]
[comicbookreadingorders.com/wp-json/oembed/1.0/embed5a65.json]
[comicbookreadingorders.com/wp-json/oembed/1.0/embede54d]
[comicbookreadingorders.com/marvel/events/secret-wars-ii-reading-order/index.html]
[comicbookreadingorders.com/wp-json/oembed/1.0/embedf3b3.json]
[comicbookreadingorders.com/wp-json/oembed/1.0/embedec1e]
[comicbookreadingorders.com/marvel/events/shadowland-reading-order/index.html]
[comicbookreadingorders.com/wp-json/oembed/1.0/embedc57b.json]
[comicbookreadingorders.com/wp-json/oembed/1.0/embed7a34]
[comicbookreadingorders.com/marvel/events/shattered-heroes-reading-order/index.html]
[comicbookreadingorders.com/wp-json/oembed/1.0/embedbfcb.json]
[comicbookreadingorders.com/wp-json/oembed/1.0/embed3b80]
[comicbookreadingorders.com/marvel/events/siege-reading-order/index.html]
[comicbookreadingorders.com/wp-json/oembed/1.0/embed7a3b.json]
[comicbookreadingorders.com/wp-json/oembed/1.0/embeda527]
[comicbookreadingorders.com/marvel/events/siege-of-darkness-reading-order/index.html]
[comicbookreadingorders.com/wp-json/oembed/1.0/embedd485.json]
[comicbookreadingorders.com/wp-json/oembed/1.0/embed4a0f]
[comicbookreadingorders.com/marvel/events/sins-of-sinister-reading-order/index.html]
[comicbookreadingorders.com/wp-json/oembed/1.0/embed3390.json]
[comicbookreadingorders.com/wp-json/oembed/1.0/embed751e]
[comicbookreadingorders.com/marvel/events/spider-geddon-reading-order/index.html]
[comicbookreadingorders.com/wp-json/oembed/1.0/embedd435.json]
[comicbookreadingorders.com/wp-json/oembed/1.0/embede36b]
[comicbookreadingorders.com/marvel/events/spider-island-reading-order/index.html]
[comicbookreadingorders.com/wp-json/oembed/1.0/embedfbae.json]
[comicbookreadingorders.com/wp-json/oembed/1.0/embedd7d0]
[comicbookreadingorders.com/marvel/events/spider-man-identity-crisis-reading-order/index.html]
[comicbookreadingorders.com/wp-json/oembed/1.0/embed74d0.json]
[comicbookreadingorders.com/wp-json/oembed/1.0/embed8564]
[comicbookreadingorders.com/marvel/events/spider-man-the-other-reading-order/index.html]
[comicbookreadingorders.com/wp-json/oembed/1.0/embede119.json]
[comicbookreadingorders.com/wp-json/oembed/1.0/embed1843]
[comicbookreadingorders.com/marvel/events/spider-verse-reading-order/index.html]
[comicbookreadingorders.com/wp-json/oembed/1.0/embed18f8.json]
[comicbookreadingorders.com/wp-json/oembed/1.0/embed886c]
[comicbookreadingorders.com/marvel/events/spider-women-reading-order/index.html]
[comicbookreadingorders.com/wp-json/oembed/1.0/embed3efe.json]
[comicbookreadingorders.com/wp-json/oembed/1.0/embed763d]
[comicbookreadingorders.com/marvel/events/thanos-imperative-reading-order/index.html]
[comicbookreadingorders.com/wp-json/oembed/1.0/embed0caf.json]
[comicbookreadingorders.com/wp-json/oembed/1.0/embed5516]
[comicbookreadingorders.com/marvel/events/thanos-war-reading-order/index.html]
[comicbookreadingorders.com/wp-json/oembed/1.0/embed57e3.json]
[comicbookreadingorders.com/wp-json/oembed/1.0/embed8229]
[comicbookreadingorders.com/marvel/events/time-and-time-again-reading-order/index.html]
[comicbookreadingorders.com/wp-json/oembed/1.0/embed14c1.json]
[comicbookreadingorders.com/wp-json/oembed/1.0/embed7ede]
[comicbookreadingorders.com/marvel/events/trial-of-jean-grey-reading-order/index.html]
[comicbookreadingorders.com/wp-json/oembed/1.0/embed4066.json]
[comicbookreadingorders.com/wp-json/oembed/1.0/embedab49]
[comicbookreadingorders.com/marvel/events/ultimate-universe-reading-order/index.html]
[comicbookreadingorders.com/wp-json/oembed/1.0/embed889a.json]
[comicbookreadingorders.com/wp-json/oembed/1.0/embed469c]
[comicbookreadingorders.com/marvel/events/utopia-reading-order/index.html]
[comicbookreadingorders.com/wp-json/oembed/1.0/embeddc1c.json]
[comicbookreadingorders.com/wp-json/oembed/1.0/embed43f3]
[comicbookreadingorders.com/marvel/events/venom-inc-reading-order/index.html]
[comicbookreadingorders.com/wp-json/oembed/1.0/embed36a1.json]
[comicbookreadingorders.com/wp-json/oembed/1.0/embedae27]
[comicbookreadingorders.com/marvel/events/venom-war-reading-order/index.html]
[comicbookreadingorders.com/wp-json/oembed/1.0/embed50e2.json]
[comicbookreadingorders.com/wp-json/oembed/1.0/embedbbab]
[comicbookreadingorders.com/marvel/events/venomverse-reading-order/index.html]
[comicbookreadingorders.com/wp-json/oembed/1.0/embed3f35.json]
[comicbookreadingorders.com/wp-json/oembed/1.0/embedfad6]
[comicbookreadingorders.com/marvel/events/war-of-kings-reading-order/index.html]
[comicbookreadingorders.com/wp-json/oembed/1.0/embedc021.json]
[comicbookreadingorders.com/wp-json/oembed/1.0/embeddfaf]
[comicbookreadingorders.com/marvel/events/war-of-the-realms-reading-order/index.html]
[comicbookreadingorders.com/wp-json/oembed/1.0/embed9d4d.json]
[comicbookreadingorders.com/wp-json/oembed/1.0/embed80ad]
[comicbookreadingorders.com/marvel/events/wolverine-goes-to-hell-reading-order/index.html]
[comicbookreadingorders.com/wp-json/oembed/1.0/embede804.json]
[comicbookreadingorders.com/wp-json/oembed/1.0/embed6582]
[comicbookreadingorders.com/marvel/events/world-war-hulk-reading-order/index.html]
[comicbookreadingorders.com/wp-json/oembed/1.0/embed1500.json]
[comicbookreadingorders.com/wp-json/oembed/1.0/embed9f4e]
[comicbookreadingorders.com/marvel/events/world-war-hulks-reading-order/index.html]
[comicbookreadingorders.com/wp-json/oembed/1.0/embedc3d4.json]
[comicbookreadingorders.com/wp-json/oembed/1.0/embed294a]
[comicbookreadingorders.com/marvel/events/wraith-war-reading-order/index.html]
[comicbookreadingorders.com/wp-json/oembed/1.0/embedba2d.json]
[comicbookreadingorders.com/wp-json/oembed/1.0/embed369b]
[comicbookreadingorders.com/marvel/events/x-of-swords-reading-order/index.html]
[comicbookreadingorders.com/wp-json/oembed/1.0/embede284.json]
[comicbookreadingorders.com/wp-json/oembed/1.0/embeda0b4]
[comicbookreadingorders.com/marvel/events/x-cutioners-song-reading-order/index.html]
[comicbookreadingorders.com/wp-json/oembed/1.0/embedc9d2.json]
[comicbookreadingorders.com/wp-json/oembed/1.0/embed755a]
[comicbookreadingorders.com/marvel/events/x-men-age-of-revelation-reading-order/index.html]
[comicbookreadingorders.com/wp-json/oembed/1.0/embed73c8.json]
[comicbookreadingorders.com/wp-json/oembed/1.0/embed5fe7]
[comicbookreadingorders.com/marvel/events/x-men-divided-we-stand-reading-order/index.html]
[comicbookreadingorders.com/wp-json/oembed/1.0/embed42fc.json]
[comicbookreadingorders.com/wp-json/oembed/1.0/embed587c]
[comicbookreadingorders.com/marvel/events/x-men-endangered-species-reading-order/index.html]
[comicbookreadingorders.com/wp-json/oembed/1.0/embedb2ab.json]
[comicbookreadingorders.com/wp-json/oembed/1.0/embed2854]
[comicbookreadingorders.com/marvel/characters/x-men-krakoa-era-reading-order/index.html]
[comicbookreadingorders.com/wp-json/oembed/1.0/embedc182.json]
[comicbookreadingorders.com/wp-json/oembed/1.0/embed1bc7]
[comicbookreadingorders.com/marvel/events/x-men-manifest-destiny-reading-order/index.html]
[comicbookreadingorders.com/wp-json/oembed/1.0/embed1a96.json]
[comicbookreadingorders.com/wp-json/oembed/1.0/embed26fe]
[comicbookreadingorders.com/marvel/events/x-men-messiah-complex-reading-order/index.html]
[comicbookreadingorders.com/wp-json/oembed/1.0/embede21c.json]
[comicbookreadingorders.com/wp-json/oembed/1.0/embed81e0]
[comicbookreadingorders.com/marvel/events/x-men-nation-x-reading-order/index.html]
[comicbookreadingorders.com/wp-json/oembed/1.0/embed1c0c]
[comicbookreadingorders.com/wp-json/oembed/1.0/embed76f0.json]
[comicbookreadingorders.com/marvel/events/x-men-original-sin-reading-order/index.html]
[comicbookreadingorders.com/wp-json/oembed/1.0/embed0037.json]
[comicbookreadingorders.com/wp-json/oembed/1.0/embed9771]
[comicbookreadingorders.com/marvel/events/x-men-regenesis-reading-order/index.html]
[comicbookreadingorders.com/wp-json/oembed/1.0/embed19bb.json]
[comicbookreadingorders.com/wp-json/oembed/1.0/embedc2e0]
[comicbookreadingorders.com/marvel/events/x-men-schism-reading-order/index.html]
[comicbookreadingorders.com/wp-json/oembed/1.0/embed515a.json]
[comicbookreadingorders.com/wp-json/oembed/1.0/embed7f71]
[comicbookreadingorders.com/marvel/events/x-men-second-coming-reading-order/index.html]
[comicbookreadingorders.com/wp-json/oembed/1.0/embed6cc9.json]
[comicbookreadingorders.com/wp-json/oembed/1.0/embed256c]
[comicbookreadingorders.com/marvel/events/x-termination-reading-order/index.html]
[comicbookreadingorders.com/wp-json/oembed/1.0/embed62f6.json]
[comicbookreadingorders.com/wp-json/oembed/1.0/embed39b6]
[comicbookreadingorders.com/marvel/events/x-tinction-agenda-reading-order/index.html]
[comicbookreadingorders.com/wp-json/wp/v2/pages/60.json]
[comicbookreadingorders.com/index0721.html]
[comicbookreadingorders.com/wp-json/oembed/1.0/embed7cf6.json]
[comicbookreadingorders.com/marvel/characters/abomination-reading-order/index.html]
[comicbookreadingorders.com/wp-json/oembed/1.0/embed5472]
[comicbookreadingorders.com/wp-json/oembed/1.0/embede7ca.json]
[comicbookreadingorders.com/wp-json/oembed/1.0/embed794a]
[comicbookreadingorders.com/marvel/characters/adam-warlock-reading-order/index.html]
[comicbookreadingorders.com/wp-json/oembed/1.0/embeda636.json]
[comicbookreadingorders.com/wp-json/oembed/1.0/embeda113]
[comicbookreadingorders.com/marvel/characters/agatha-harkness-reading-order/index.html]
[comicbookreadingorders.com/wp-json/oembed/1.0/embed9a4c.json]
[comicbookreadingorders.com/wp-json/oembed/1.0/embed44ee]
[comicbookreadingorders.com/marvel/characters/agents-of-atlas-reading-order/index.html]
[comicbookreadingorders.com/wp-json/oembed/1.0/embedc913.json]
[comicbookreadingorders.com/wp-json/oembed/1.0/embedca54]
[comicbookreadingorders.com/marvel/characters/anya-corazon-reading-order/index.html]
[comicbookreadingorders.com/wp-json/oembed/1.0/embed9f16.json]
[comicbookreadingorders.com/wp-json/oembed/1.0/embed0196]
[comicbookreadingorders.com/marvel/characters/apocalypse-reading-order/index.html]
[comicbookreadingorders.com/wp-json/oembed/1.0/embed941d.json]
[comicbookreadingorders.com/wp-json/oembed/1.0/embed3546]
[comicbookreadingorders.com/marvel/characters/arcade-reading-order/index.html]
[comicbookreadingorders.com/wp-json/oembed/1.0/embed6ad4.json]
[comicbookreadingorders.com/wp-json/oembed/1.0/embed5505]
[comicbookreadingorders.com/marvel/characters/avengers-reading-order/index.html]
[comicbookreadingorders.com/wp-json/oembed/1.0/embedb9ce.json]
[comicbookreadingorders.com/wp-json/oembed/1.0/embedcd32]
[comicbookreadingorders.com/marvel/characters/baron-zemo-reading-order/index.html]
[comicbookreadingorders.com/wp-json/oembed/1.0/embedfc69.json]
[comicbookreadingorders.com/wp-json/oembed/1.0/embedf197]
[comicbookreadingorders.com/marvel/characters/beta-ray-bill-reading-order/index.html]
[comicbookreadingorders.com/wp-json/oembed/1.0/embede050.json]
[comicbookreadingorders.com/wp-json/oembed/1.0/embed9507]
[comicbookreadingorders.com/marvel/characters/black-bolt-reading-order/index.html]
[comicbookreadingorders.com/wp-json/oembed/1.0/embed2a22.json]
[comicbookreadingorders.com/wp-json/oembed/1.0/embedda1b]
[comicbookreadingorders.com/marvel/characters/black-cat-reading-order/index.html]
[comicbookreadingorders.com/wp-json/oembed/1.0/embed6d30.json]
[comicbookreadingorders.com/wp-json/oembed/1.0/embedbb94]
[comicbookreadingorders.com/marvel/characters/black-panther-reading-order/index.html]
[comicbookreadingorders.com/wp-json/oembed/1.0/embede8e5.json]
[comicbookreadingorders.com/wp-json/oembed/1.0/embed53f8]
[comicbookreadingorders.com/marvel/characters/black-widow-reading-order/index.html]
[comicbookreadingorders.com/wp-json/oembed/1.0/embed4786.json]
[comicbookreadingorders.com/wp-json/oembed/1.0/embed6fbf]
[comicbookreadingorders.com/marvel/characters/blade-reading-order/index.html]
[comicbookreadingorders.com/wp-json/oembed/1.0/embedc41b.json]
[comicbookreadingorders.com/wp-json/oembed/1.0/embed20be]
[comicbookreadingorders.com/marvel/characters/blink-reading-order/index.html]
[comicbookreadingorders.com/wp-json/oembed/1.0/embed5629.json]
[comicbookreadingorders.com/wp-json/oembed/1.0/embed4b7e]
[comicbookreadingorders.com/marvel/characters/bullseye-reading-order/index.html]
[comicbookreadingorders.com/wp-json/oembed/1.0/embed85ec.json]
[comicbookreadingorders.com/wp-json/oembed/1.0/embed0f29]
[comicbookreadingorders.com/marvel/characters/cable-reading-order/index.html]
[comicbookreadingorders.com/wp-json/oembed/1.0/embedf70e.json]
[comicbookreadingorders.com/wp-json/oembed/1.0/embed41b5]
[comicbookreadingorders.com/marvel/characters/captain-america-reading-order/index.html]
[comicbookreadingorders.com/wp-json/oembed/1.0/embedeff3.json]
[comicbookreadingorders.com/wp-json/oembed/1.0/embed0e5e]
[comicbookreadingorders.com/marvel/characters/captain-britain-reading-order/index.html]
[comicbookreadingorders.com/wp-json/oembed/1.0/embedd3e2.json]
[comicbookreadingorders.com/wp-json/oembed/1.0/embed19a4]
[comicbookreadingorders.com/marvel/characters/carnage-reading-order/index.html]
[comicbookreadingorders.com/wp-json/oembed/1.0/embed5439.json]
[comicbookreadingorders.com/wp-json/oembed/1.0/embedb3da]
[comicbookreadingorders.com/marvel/characters/carol-danvers-reading-order/index.html]
[comicbookreadingorders.com/wp-json/oembed/1.0/embedaccf.json]
[comicbookreadingorders.com/wp-json/oembed/1.0/embed55a8]
[comicbookreadingorders.com/marvel/characters/cloak-and-dagger-reading-order/index.html]
[comicbookreadingorders.com/wp-json/oembed/1.0/embed8876.json]
[comicbookreadingorders.com/wp-json/oembed/1.0/embed02e1]
[comicbookreadingorders.com/marvel/characters/cyclops-reading-order/index.html]
[comicbookreadingorders.com/wp-json/oembed/1.0/embede2ed.json]
[comicbookreadingorders.com/wp-json/oembed/1.0/embedd9cc]
[comicbookreadingorders.com/marvel/characters/daisy-johnson-reading-order/index.html]
[comicbookreadingorders.com/wp-json/oembed/1.0/embedee52.json]
[comicbookreadingorders.com/wp-json/oembed/1.0/embedfe20]
[comicbookreadingorders.com/marvel/characters/daken-reading-order/index.html]
[comicbookreadingorders.com/wp-json/oembed/1.0/embeda316.json]
[comicbookreadingorders.com/wp-json/oembed/1.0/embed023d]
[comicbookreadingorders.com/marvel/characters/daredevil-reading-order/index.html]
[comicbookreadingorders.com/wp-json/oembed/1.0/embeda8cb.json]
[comicbookreadingorders.com/wp-json/oembed/1.0/embed5f84]
[comicbookreadingorders.com/marvel/characters/deadpool-reading-order/index.html]
[comicbookreadingorders.com/wp-json/oembed/1.0/embed052c.json]
[comicbookreadingorders.com/wp-json/oembed/1.0/embeda883]
[comicbookreadingorders.com/marvel/characters/defenders-reading-order/index.html]
[comicbookreadingorders.com/wp-json/oembed/1.0/embed8960.json]
[comicbookreadingorders.com/wp-json/oembed/1.0/embed0bde]
[comicbookreadingorders.com/marvel/characters/doctor-doom-reading-order/index.html]
[comicbookreadingorders.com/wp-json/oembed/1.0/embed74e1.json]
[comicbookreadingorders.com/wp-json/oembed/1.0/embed5346]
[comicbookreadingorders.com/marvel/characters/doctor-octopus-reading-order/index.html]
[comicbookreadingorders.com/wp-json/oembed/1.0/embed4624.json]
[comicbookreadingorders.com/wp-json/oembed/1.0/embed1e98]
[comicbookreadingorders.com/marvel/characters/doctor-strange-reading-order/index.html]
[comicbookreadingorders.com/wp-json/oembed/1.0/embedc10d.json]
[comicbookreadingorders.com/wp-json/oembed/1.0/embed8381]
[comicbookreadingorders.com/marvel/characters/domino-reading-order/index.html]
[comicbookreadingorders.com/wp-json/oembed/1.0/embedac10.json]
[comicbookreadingorders.com/wp-json/oembed/1.0/embed096c]
[comicbookreadingorders.com/marvel/characters/doop-reading-order/index.html]
[comicbookreadingorders.com/wp-json/oembed/1.0/embed1ce3.json]
[comicbookreadingorders.com/wp-json/oembed/1.0/embed2cc2]
[comicbookreadingorders.com/marvel/characters/dormammu-reading-order/index.html]
[comicbookreadingorders.com/wp-json/oembed/1.0/embedf2a6.json]
[comicbookreadingorders.com/wp-json/oembed/1.0/embed712a]
[comicbookreadingorders.com/marvel/characters/echo-reading-order/index.html]
[comicbookreadingorders.com/wp-json/oembed/1.0/embed218c.json]
[comicbookreadingorders.com/wp-json/oembed/1.0/embed55ad]
[comicbookreadingorders.com/marvel/characters/ego-the-living-planet-reading-order/index.html]
[comicbookreadingorders.com/wp-json/oembed/1.0/embed4bce.json]
[comicbookreadingorders.com/wp-json/oembed/1.0/embed9308]
[comicbookreadingorders.com/marvel/characters/elektra-reading-order/index.html]
[comicbookreadingorders.com/wp-json/oembed/1.0/embed90a7.json]
[comicbookreadingorders.com/wp-json/oembed/1.0/embedbda4]
[comicbookreadingorders.com/marvel/characters/elsa-bloodstone-reading-order/index.html]
[comicbookreadingorders.com/wp-json/oembed/1.0/embed2681.json]
[comicbookreadingorders.com/wp-json/oembed/1.0/embede831]
[comicbookreadingorders.com/marvel/characters/eternals-reading-order/index.html]
[comicbookreadingorders.com/wp-json/oembed/1.0/embed16e6.json]
[comicbookreadingorders.com/wp-json/oembed/1.0/embed4390]
[comicbookreadingorders.com/marvel/characters/fantastic-four-reading-order/index.html]
[comicbookreadingorders.com/wp-json/oembed/1.0/embed82ca.json]
[comicbookreadingorders.com/wp-json/oembed/1.0/embedbda4-2]
[comicbookreadingorders.com/marvel/characters/galactus-reading-order/index.html]
[comicbookreadingorders.com/wp-json/oembed/1.0/embeda74e.json]
[comicbookreadingorders.com/wp-json/oembed/1.0/embed89a8]
[comicbookreadingorders.com/marvel/characters/gambit-reading-order/index.html]
[comicbookreadingorders.com/wp-json/oembed/1.0/embed6b9b.json]
[comicbookreadingorders.com/wp-json/oembed/1.0/embed7fa0]
[comicbookreadingorders.com/marvel/characters/ghost-rider-reading-order/index.html]
[comicbookreadingorders.com/wp-json/oembed/1.0/embedf13b.json]
[comicbookreadingorders.com/wp-json/oembed/1.0/embed5c86]
[comicbookreadingorders.com/marvel/characters/green-goblin-reading-order/index.html]
[comicbookreadingorders.com/wp-json/oembed/1.0/embed80a9.json]
[comicbookreadingorders.com/wp-json/oembed/1.0/embedef9b]
[comicbookreadingorders.com/marvel/characters/guardians-of-the-galaxy-1969-reading-order/index.html]
[comicbookreadingorders.com/wp-json/oembed/1.0/embed3666.json]
[comicbookreadingorders.com/wp-json/oembed/1.0/embedbbf2]
[comicbookreadingorders.com/marvel/characters/guardians-of-the-galaxy-reading-order/index.html]
[comicbookreadingorders.com/wp-json/oembed/1.0/embed14ba.json]
[comicbookreadingorders.com/wp-json/oembed/1.0/embeddb4b]
[comicbookreadingorders.com/marvel/characters/hawkeye-reading-order/index.html]
[comicbookreadingorders.com/wp-json/oembed/1.0/embed9220.json]
[comicbookreadingorders.com/wp-json/oembed/1.0/embedea0b]
[comicbookreadingorders.com/marvel/characters/hela-reading-order/index.html]
[comicbookreadingorders.com/wp-json/oembed/1.0/embedf9e7.json]
[comicbookreadingorders.com/wp-json/oembed/1.0/embed7099]
[comicbookreadingorders.com/marvel/characters/hercules-reading-order/index.html]
[comicbookreadingorders.com/wp-json/oembed/1.0/embed57dc.json]
[comicbookreadingorders.com/wp-json/oembed/1.0/embedb9fd]
[comicbookreadingorders.com/marvel/characters/high-evolutionary-reading-order/index.html]
[comicbookreadingorders.com/wp-json/oembed/1.0/embed4d38.json]
[comicbookreadingorders.com/wp-json/oembed/1.0/embeda8b1]
[comicbookreadingorders.com/marvel/characters/hobgoblin-reading-order/index.html]
[comicbookreadingorders.com/wp-json/oembed/1.0/embed3772.json]
[comicbookreadingorders.com/wp-json/oembed/1.0/embede54c]
[comicbookreadingorders.com/marvel/characters/hope-summers-reading-order/index.html]
[comicbookreadingorders.com/wp-json/oembed/1.0/embed2619.json]
[comicbookreadingorders.com/wp-json/oembed/1.0/embedc602]
[comicbookreadingorders.com/marvel/characters/howard-the-duck-reading-order/index.html]
[comicbookreadingorders.com/wp-json/oembed/1.0/embed3dd8.json]
[comicbookreadingorders.com/wp-json/oembed/1.0/embed4277]
[comicbookreadingorders.com/marvel/characters/hulk-reading-order/index.html]
[comicbookreadingorders.com/wp-json/oembed/1.0/embedbc1a.json]
[comicbookreadingorders.com/wp-json/oembed/1.0/embed7662]
[comicbookreadingorders.com/marvel/characters/inhumans-reading-order/index.html]
[comicbookreadingorders.com/wp-json/oembed/1.0/embed7941.json]
[comicbookreadingorders.com/wp-json/oembed/1.0/embedba17]
[comicbookreadingorders.com/marvel/characters/iron-fist-reading-order/index.html]
[comicbookreadingorders.com/wp-json/oembed/1.0/embed3302.json]
[comicbookreadingorders.com/wp-json/oembed/1.0/embed91ba]
[comicbookreadingorders.com/marvel/characters/iron-man-reading-order/index.html]
[comicbookreadingorders.com/wp-json/oembed/1.0/embeda8f4.json]
[comicbookreadingorders.com/wp-json/oembed/1.0/embed82c1]
[comicbookreadingorders.com/marvel/characters/jean-grey-reading-order/index.html]
[comicbookreadingorders.com/wp-json/oembed/1.0/embed1b1f.json]
[comicbookreadingorders.com/wp-json/oembed/1.0/embed2fa2]
[comicbookreadingorders.com/marvel/characters/jeff-the-land-shark-reading-order/index.html]
[comicbookreadingorders.com/wp-json/oembed/1.0/embeda1ab.json]
[comicbookreadingorders.com/wp-json/oembed/1.0/embed87dc]
[comicbookreadingorders.com/marvel/characters/jessica-jones-reading-order/index.html]
[comicbookreadingorders.com/wp-json/oembed/1.0/embed50f9.json]
[comicbookreadingorders.com/wp-json/oembed/1.0/embedde1e]
[comicbookreadingorders.com/marvel/characters/juggernaut-reading-order/index.html]
[comicbookreadingorders.com/wp-json/oembed/1.0/embedf2f2.json]
[comicbookreadingorders.com/wp-json/oembed/1.0/embed5572]
[comicbookreadingorders.com/marvel/characters/kamala-khan-reading-order/index.html]
[comicbookreadingorders.com/wp-json/oembed/1.0/embed103a.json]
[comicbookreadingorders.com/wp-json/oembed/1.0/embedf751]
[comicbookreadingorders.com/marvel/characters/kang-the-conqueror-reading-order/index.html]
[comicbookreadingorders.com/wp-json/oembed/1.0/embed636b.json]
[comicbookreadingorders.com/wp-json/oembed/1.0/embedb04e]
[comicbookreadingorders.com/marvel/characters/kingpin-reading-order/index.html]
[comicbookreadingorders.com/wp-json/oembed/1.0/embed10a7.json]
[comicbookreadingorders.com/wp-json/oembed/1.0/embed666e]
[comicbookreadingorders.com/marvel/characters/kitty-pryde-reading-order/index.html]
[comicbookreadingorders.com/wp-json/oembed/1.0/embed90cc.json]
[comicbookreadingorders.com/wp-json/oembed/1.0/embededb5]
[comicbookreadingorders.com/marvel/characters/kraven-the-hunter-reading-order/index.html]
[comicbookreadingorders.com/wp-json/oembed/1.0/embed71d2.json]
[comicbookreadingorders.com/wp-json/oembed/1.0/embed5a86]
[comicbookreadingorders.com/marvel/characters/the-leader-reading-order/index.html]
[comicbookreadingorders.com/wp-json/oembed/1.0/embede7ca-2.json]
[comicbookreadingorders.com/wp-json/oembed/1.0/embed373b]
[comicbookreadingorders.com/marvel/characters/legion-reading-order/index.html]
[comicbookreadingorders.com/wp-json/oembed/1.0/embed9c09.json]
[comicbookreadingorders.com/wp-json/oembed/1.0/embed17f4]
[comicbookreadingorders.com/marvel/characters/loki-reading-order/index.html]
[comicbookreadingorders.com/wp-json/oembed/1.0/embed2a3c.json]
[comicbookreadingorders.com/wp-json/oembed/1.0/embed84a2]
[comicbookreadingorders.com/marvel/characters/luke-cage-reading-order/index.html]
[comicbookreadingorders.com/wp-json/oembed/1.0/embed5b9a.json]
[comicbookreadingorders.com/wp-json/oembed/1.0/embedb856]
[comicbookreadingorders.com/marvel/characters/m-o-d-o-k-reading-order/index.html]
[comicbookreadingorders.com/wp-json/oembed/1.0/embed6300.json]
[comicbookreadingorders.com/wp-json/oembed/1.0/embed5fda]
[comicbookreadingorders.com/marvel/characters/machine-man-reading-order/index.html]
[comicbookreadingorders.com/wp-json/oembed/1.0/embed3f9a.json]
[comicbookreadingorders.com/wp-json/oembed/1.0/embed589e]
[comicbookreadingorders.com/marvel/characters/maestro-reading-order/index.html]
[comicbookreadingorders.com/wp-json/oembed/1.0/embedc919.json]
[comicbookreadingorders.com/wp-json/oembed/1.0/embedf145]
[comicbookreadingorders.com/marvel/characters/magik-reading-order/index.html]
[comicbookreadingorders.com/wp-json/oembed/1.0/embed9d02.json]
[comicbookreadingorders.com/wp-json/oembed/1.0/embed55c1]
[comicbookreadingorders.com/marvel/characters/magneto-reading-order/index.html]
[comicbookreadingorders.com/wp-json/oembed/1.0/embed0981.json]
[comicbookreadingorders.com/wp-json/oembed/1.0/embed4b22]
[comicbookreadingorders.com/marvel/characters/malekith-reading-order/index.html]
[comicbookreadingorders.com/wp-json/oembed/1.0/embedfff2.json]
[comicbookreadingorders.com/wp-json/oembed/1.0/embed85f6]
[comicbookreadingorders.com/marvel/characters/man-thing-reading-order/index.html]
[comicbookreadingorders.com/wp-json/oembed/1.0/embed831b.json]
[comicbookreadingorders.com/wp-json/oembed/1.0/embed66a7]
[comicbookreadingorders.com/marvel/characters/the-mandarin-reading-order/index.html]
[comicbookreadingorders.com/wp-json/oembed/1.0/embedb0d8.json]
[comicbookreadingorders.com/wp-json/oembed/1.0/embed5dcb]
[comicbookreadingorders.com/marvel/characters/miles-morales-reading-order/index.html]
[comicbookreadingorders.com/wp-json/oembed/1.0/embed4c0f.json]
[comicbookreadingorders.com/wp-json/oembed/1.0/embedf658]
[comicbookreadingorders.com/marvel/characters/mister-sinister-reading-order/index.html]
[comicbookreadingorders.com/wp-json/oembed/1.0/embed0989.json]
[comicbookreadingorders.com/wp-json/oembed/1.0/embed6498]
[comicbookreadingorders.com/marvel/characters/mockingbird-reading-order/index.html]
[comicbookreadingorders.com/wp-json/oembed/1.0/embed4376.json]
[comicbookreadingorders.com/wp-json/oembed/1.0/embed1ca3]
[comicbookreadingorders.com/marvel/characters/moon-knight-reading-order/index.html]
[comicbookreadingorders.com/wp-json/oembed/1.0/embed9801.json]
[comicbookreadingorders.com/wp-json/oembed/1.0/embedb04b]
[comicbookreadingorders.com/marvel/characters/moonstone-reading-order/index.html]
[comicbookreadingorders.com/wp-json/oembed/1.0/embedf9d7.json]
[comicbookreadingorders.com/wp-json/oembed/1.0/embed73a7]
[comicbookreadingorders.com/marvel/characters/morbius-reading-order/index.html]
[comicbookreadingorders.com/wp-json/oembed/1.0/embeda5ce.json]
[comicbookreadingorders.com/wp-json/oembed/1.0/embed5bef]
[comicbookreadingorders.com/marvel/characters/mysterio-reading-order/index.html]
[comicbookreadingorders.com/wp-json/oembed/1.0/embed1d68.json]
[comicbookreadingorders.com/wp-json/oembed/1.0/embed8bdc]
[comicbookreadingorders.com/marvel/characters/namor-reading-order/index.html]
[comicbookreadingorders.com/wp-json/oembed/1.0/embed95e9.json]
[comicbookreadingorders.com/wp-json/oembed/1.0/embed6683]
[comicbookreadingorders.com/marvel/characters/new-mutants-reading-order/index.html]
[comicbookreadingorders.com/wp-json/oembed/1.0/embed4deb.json]
[comicbookreadingorders.com/wp-json/oembed/1.0/embed3b22]
[comicbookreadingorders.com/marvel/characters/nick-fury-reading-order/index.html]
[comicbookreadingorders.com/wp-json/oembed/1.0/embedeaad.json]
[comicbookreadingorders.com/wp-json/oembed/1.0/embed4ab3]
[comicbookreadingorders.com/marvel/characters/nightcrawler-reading-order/index.html]
[comicbookreadingorders.com/wp-json/oembed/1.0/embed924e.json]
[comicbookreadingorders.com/wp-json/oembed/1.0/embed7a5a]
[comicbookreadingorders.com/marvel/characters/nova-reading-order/index.html]
[comicbookreadingorders.com/wp-json/oembed/1.0/embedeb99.json]
[comicbookreadingorders.com/marvel/characters/pete-wisdom-reading-order/index.html]
[comicbookreadingorders.com/wp-json/oembed/1.0/embed8872]
[comicbookreadingorders.com/wp-json/oembed/1.0/embede918.json]
[comicbookreadingorders.com/wp-json/oembed/1.0/embedc107]
[comicbookreadingorders.com/marvel/characters/power-pack-reading-order/index.html]
[comicbookreadingorders.com/wp-json/oembed/1.0/embed3f99.json]
[comicbookreadingorders.com/wp-json/oembed/1.0/embed8b2b]
[comicbookreadingorders.com/marvel/characters/psylocke-reading-order/index.html]
[comicbookreadingorders.com/wp-json/oembed/1.0/embedef43.json]
[comicbookreadingorders.com/wp-json/oembed/1.0/embed9db3]
[comicbookreadingorders.com/marvel/characters/punisher-reading-order/index.html]
[comicbookreadingorders.com/wp-json/oembed/1.0/embed52af.json]
[comicbookreadingorders.com/wp-json/oembed/1.0/embed7bff]
[comicbookreadingorders.com/marvel/characters/quicksilver-reading-order/index.html]
[comicbookreadingorders.com/wp-json/oembed/1.0/embedbadd.json]
[comicbookreadingorders.com/wp-json/oembed/1.0/embeda4f3]
[comicbookreadingorders.com/marvel/characters/red-hulk-reading-order/index.html]
[comicbookreadingorders.com/wp-json/oembed/1.0/embed6e42.json]
[comicbookreadingorders.com/wp-json/oembed/1.0/embedd232]
[comicbookreadingorders.com/marvel/characters/red-skull-reading-order/index.html]
[comicbookreadingorders.com/wp-json/oembed/1.0/embedc011.json]
[comicbookreadingorders.com/marvel/characters/rogue-reading-order/index.html]
[comicbookreadingorders.com/wp-json/oembed/1.0/embed4616]
[comicbookreadingorders.com/wp-json/oembed/1.0/embedcc18.json]
[comicbookreadingorders.com/wp-json/oembed/1.0/embeda798]
[comicbookreadingorders.com/marvel/characters/ronan-the-accuser-reading-order/index.html]
[comicbookreadingorders.com/wp-json/oembed/1.0/embedaa6f]
[comicbookreadingorders.com/wp-json/oembed/1.0/embed853b.json]
[comicbookreadingorders.com/marvel/characters/runaways-reading-order/index.html]
[comicbookreadingorders.com/wp-json/oembed/1.0/embed1ccb.json]
[comicbookreadingorders.com/wp-json/oembed/1.0/embedef5e]
[comicbookreadingorders.com/marvel/characters/sabretooth-reading-order/index.html]
[comicbookreadingorders.com/wp-json/oembed/1.0/embed9b6b.json]
[comicbookreadingorders.com/marvel/characters/sam-wilson-reading-order/index.html]
[comicbookreadingorders.com/wp-json/oembed/1.0/embed4a4f]
[comicbookreadingorders.com/wp-json/oembed/1.0/embed071a.json]
[comicbookreadingorders.com/wp-json/oembed/1.0/embed17b0]
[comicbookreadingorders.com/marvel/characters/scarlet-witch-reading-order/index.html]
[comicbookreadingorders.com/wp-json/oembed/1.0/embedc32a.json]
[comicbookreadingorders.com/wp-json/oembed/1.0/embededef]
[comicbookreadingorders.com/marvel/characters/scorpion-reading-order/index.html]
[comicbookreadingorders.com/wp-json/oembed/1.0/embed58b5.json]
[comicbookreadingorders.com/wp-json/oembed/1.0/embed3e58]
[comicbookreadingorders.com/marvel/characters/scott-lang-reading-order/index.html]
[comicbookreadingorders.com/wp-json/oembed/1.0/embed6c22.json]
[comicbookreadingorders.com/wp-json/oembed/1.0/embedee4e]
[comicbookreadingorders.com/marvel/characters/the-sentry-reading-order/index.html]
[comicbookreadingorders.com/wp-json/oembed/1.0/embed4672.json]
[comicbookreadingorders.com/wp-json/oembed/1.0/embedd9e5]
[comicbookreadingorders.com/marvel/characters/shang-chi-reading-order/index.html]
[comicbookreadingorders.com/wp-json/oembed/1.0/embed29dd.json]
[comicbookreadingorders.com/wp-json/oembed/1.0/embed45b8]
[comicbookreadingorders.com/marvel/characters/she-hulk-reading-order/index.html]
[comicbookreadingorders.com/wp-json/oembed/1.0/embed5a4c.json]
[comicbookreadingorders.com/wp-json/oembed/1.0/embed29e8]
[comicbookreadingorders.com/marvel/characters/silk-reading-order/index.html]
[comicbookreadingorders.com/wp-json/oembed/1.0/embed8f25.json]
[comicbookreadingorders.com/wp-json/oembed/1.0/embedbfc0]
[comicbookreadingorders.com/marvel/characters/silver-surfer-reading-order/index.html]
[comicbookreadingorders.com/wp-json/oembed/1.0/embeded5a.json]
[comicbookreadingorders.com/wp-json/oembed/1.0/embedbf92]
[comicbookreadingorders.com/marvel/characters/spider-gwen-reading-order/index.html]
[comicbookreadingorders.com/wp-json/oembed/1.0/embedeb41.json]
[comicbookreadingorders.com/wp-json/oembed/1.0/embeda3f3]
[comicbookreadingorders.com/marvel/characters/spider-man-reading-order/index.html]
[comicbookreadingorders.com/wp-json/oembed/1.0/embed3fec.json]
[comicbookreadingorders.com/wp-json/oembed/1.0/embed5a78]
[comicbookreadingorders.com/marvel/characters/spider-woman-reading-order/index.html]
[comicbookreadingorders.com/wp-json/oembed/1.0/embed9896.json]
[comicbookreadingorders.com/wp-json/oembed/1.0/embedf078]
[comicbookreadingorders.com/marvel/characters/squirrel-girl-reading-order/index.html]
[comicbookreadingorders.com/wp-json/oembed/1.0/embed4f8c.json]
[comicbookreadingorders.com/wp-json/oembed/1.0/embede77a]
[comicbookreadingorders.com/marvel/characters/symbiotes-reading-order/index.html]
[comicbookreadingorders.com/wp-json/oembed/1.0/embed6fb5.json]
[comicbookreadingorders.com/wp-json/oembed/1.0/embedb386]
[comicbookreadingorders.com/marvel/characters/taskmaster-reading-order/index.html]
[comicbookreadingorders.com/wp-json/oembed/1.0/embed0fe3.json]
[comicbookreadingorders.com/wp-json/oembed/1.0/embed892a]
[comicbookreadingorders.com/marvel/characters/thanos-reading-order/index.html]
[comicbookreadingorders.com/wp-json/oembed/1.0/embed6fb3.json]
[comicbookreadingorders.com/wp-json/oembed/1.0/embed7297]
[comicbookreadingorders.com/marvel/characters/thor-reading-order/index.html]
[comicbookreadingorders.com/wp-json/oembed/1.0/embed8d18.json]
[comicbookreadingorders.com/wp-json/oembed/1.0/embedc031]
[comicbookreadingorders.com/marvel/characters/thunderbolts-reading-order/index.html]
[comicbookreadingorders.com/wp-json/oembed/1.0/embed720d.json]
[comicbookreadingorders.com/wp-json/oembed/1.0/embed68d3]
[comicbookreadingorders.com/marvel/characters/tigra-reading-order/index.html]
[comicbookreadingorders.com/wp-json/oembed/1.0/embedd5f3-2.json]
[comicbookreadingorders.com/wp-json/oembed/1.0/embed4fee]
[comicbookreadingorders.com/marvel/characters/ultron-reading-order/index.html]
[comicbookreadingorders.com/wp-json/oembed/1.0/embed1cf4.json]
[comicbookreadingorders.com/wp-json/oembed/1.0/embedf0ed]
[comicbookreadingorders.com/marvel/characters/venom-reading-order/index.html]
[comicbookreadingorders.com/wp-json/oembed/1.0/embed26c3.json]
[comicbookreadingorders.com/wp-json/oembed/1.0/embed16de]
[comicbookreadingorders.com/marvel/characters/vision-reading-order/index.html]
[comicbookreadingorders.com/wp-json/oembed/1.0/embedcf42.json]
[comicbookreadingorders.com/wp-json/oembed/1.0/embedcd54]
[comicbookreadingorders.com/marvel/characters/war-machine-reading-order/index.html]
[comicbookreadingorders.com/wp-json/oembed/1.0/embedaa07.json]
[comicbookreadingorders.com/wp-json/oembed/1.0/embedb59d]
[comicbookreadingorders.com/marvel/characters/winter-soldier-reading-order/index.html]
[comicbookreadingorders.com/wp-json/oembed/1.0/embed9c34.json]
[comicbookreadingorders.com/wp-json/oembed/1.0/embed53ac]
[comicbookreadingorders.com/marvel/characters/wolverine-reading-order/index.html]
[comicbookreadingorders.com/wp-json/oembed/1.0/embedc0d4.json]
[comicbookreadingorders.com/wp-json/oembed/1.0/embed8f7f]
[comicbookreadingorders.com/marvel/characters/wonder-man-reading-order/index.html]
[comicbookreadingorders.com/wp-json/oembed/1.0/embed9f3c.json]
[comicbookreadingorders.com/wp-json/oembed/1.0/embedae24]
[comicbookreadingorders.com/marvel/characters/x-23-reading-order/index.html]
[comicbookreadingorders.com/wp-json/oembed/1.0/embed6750.json]
[comicbookreadingorders.com/wp-json/oembed/1.0/embedc27c]
[comicbookreadingorders.com/marvel/characters/x-factor-reading-order/index.html]
[comicbookreadingorders.com/wp-json/oembed/1.0/embed9762.json]
[comicbookreadingorders.com/wp-json/oembed/1.0/embed3f9d]
[comicbookreadingorders.com/marvel/characters/x-force-reading-order/index.html]
[comicbookreadingorders.com/wp-json/oembed/1.0/embed7a85.json]
[comicbookreadingorders.com/wp-json/oembed/1.0/embed335c]
[comicbookreadingorders.com/marvel/characters/x-men-reading-order/index.html]
[comicbookreadingorders.com/wp-json/oembed/1.0/embede9e8.json]
[comicbookreadingorders.com/wp-json/oembed/1.0/embed9594]
[comicbookreadingorders.com/marvel/characters/young-avengers-reading-order/index.html]
[comicbookreadingorders.com/wp-json/oembed/1.0/embed4e51]
[comicbookreadingorders.com/marvel/characters/young-marvel-heroes-reading-order/index.html]
[comicbookreadingorders.com/wp-json/wp/v2/pages/133.json]
[comicbookreadingorders.com/index9c49.html]
[comicbookreadingorders.com/wp-json/oembed/1.0/embedddd3.json]
[comicbookreadingorders.com/wp-json/oembed/1.0/embedfc08.json]
[comicbookreadingorders.com/wp-json/oembed/1.0/embedd44f]
[comicbookreadingorders.com/marvel/marvel-master-reading-order-part-1/index.html]
[comicbookreadingorders.com/wp-json/oembed/1.0/embeda47a.json]
[comicbookreadingorders.com/wp-json/oembed/1.0/embedcdf8]
[comicbookreadingorders.com/marvel/marvel-master-reading-order-part-2/index.html]
[comicbookreadingorders.com/wp-json/oembed/1.0/embedea7f.json]
[comicbookreadingorders.com/wp-json/oembed/1.0/embed65e9]
[comicbookreadingorders.com/marvel/marvel-master-reading-order-part-3/index.html]
[comicbookreadingorders.com/wp-json/oembed/1.0/embeddbe9.json]
[comicbookreadingorders.com/wp-json/oembed/1.0/embede670]
[comicbookreadingorders.com/marvel/marvel-master-reading-order-part-4/index.html]
[comicbookreadingorders.com/wp-json/oembed/1.0/embed6fd4.json]
[comicbookreadingorders.com/wp-json/oembed/1.0/embeddf3c]
[comicbookreadingorders.com/marvel/marvel-master-reading-order-part-5/index.html]
[comicbookreadingorders.com/wp-json/oembed/1.0/embedc5ce.json]
[comicbookreadingorders.com/wp-json/oembed/1.0/embedcf67]
[comicbookreadingorders.com/marvel/marvel-master-reading-order-part-6/index.html]
[comicbookreadingorders.com/wp-json/oembed/1.0/embedbae8.json]
[comicbookreadingorders.com/wp-json/oembed/1.0/embedb088]
[comicbookreadingorders.com/marvel/marvel-master-reading-order-part-8/index.html]
[comicbookreadingorders.com/wp-json/oembed/1.0/embed767f.json]
[comicbookreadingorders.com/wp-json/oembed/1.0/embed7803]
[comicbookreadingorders.com/marvel/marvel-master-reading-order-part-9/index.html]
[comicbookreadingorders.com/wp-json/oembed/1.0/embedf3dd.json]
[comicbookreadingorders.com/wp-json/oembed/1.0/embed650a]
[comicbookreadingorders.com/marvel/marvel-master-reading-order-part-10/index.html]
[comicbookreadingorders.com/wp-json/oembed/1.0/embed6ec9.json]
[comicbookreadingorders.com/wp-json/oembed/1.0/embed5a9c]
[comicbookreadingorders.com/marvel/marvel-master-reading-order-part-11/index.html]
[comicbookreadingorders.com/wp-json/oembed/1.0/embed85a5.json]
[comicbookreadingorders.com/wp-json/oembed/1.0/embed5185]
[comicbookreadingorders.com/marvel/marvel-master-reading-order-part-12/index.html]
[comicbookreadingorders.com/wp-json/oembed/1.0/embed5598.json]
[comicbookreadingorders.com/wp-json/oembed/1.0/embeddcde]
[comicbookreadingorders.com/marvel/marvel-master-reading-order-part-13/index.html]
[comicbookreadingorders.com/wp-json/oembed/1.0/embed0ebb.json]
[comicbookreadingorders.com/wp-json/oembed/1.0/embedab1d]
[comicbookreadingorders.com/marvel/marvel-master-reading-order-part-14/index.html]
[comicbookreadingorders.com/wp-json/oembed/1.0/embed0a10.json]
[comicbookreadingorders.com/wp-json/oembed/1.0/embed0578]
[comicbookreadingorders.com/marvel/marvel-master-reading-order-part-15/index.html]
[comicbookreadingorders.com/marvel/characters/green-goblin-and-hobgoblin-reading-order/index.html]
[comicbookreadingorders.com/marvel/characters/vision-and-scarlet-witch-reading-order/index.html]
[comicbookreadingorders.com/marvel/characters/luke-cage-and-iron-fist-reading-order/index.html]
[comicbookreadingorders.com/wp-json/wp/v2/pages/38.json]
[comicbookreadingorders.com/indexb93f.html]
[comicbookreadingorders.com/wp-json/oembed/1.0/embed8b55.json]
[comicbookreadingorders.com/wp-json/oembed/1.0/embed60e0]
[comicbookreadingorders.com/dc/dc-master-reading-order-part-2/index.html]
[comicbookreadingorders.com/wp-json/oembed/1.0/embedba7e.json]
[comicbookreadingorders.com/wp-json/oembed/1.0/embed325d]
[comicbookreadingorders.com/dc/dc-master-reading-order-part-6/index.html]
[comicbookreadingorders.com/wp-json/oembed/1.0/embedbb2e.json]
[comicbookreadingorders.com/wp-json/oembed/1.0/embede3fd]
[comicbookreadingorders.com/dc/events/new-52-reading-order/index.html]
[comicbookreadingorders.com/wp-json/oembed/1.0/embedc5e2.json]
[comicbookreadingorders.com/wp-json/oembed/1.0/embedf382]
[comicbookreadingorders.com/dc/dc-rebirth-reading-order/index.html]
[comicbookreadingorders.com/wp-json/oembed/1.0/embed9e49.json]
[comicbookreadingorders.com/wp-json/oembed/1.0/embeda375]
[comicbookreadingorders.com/dc/events/crisis-on-infinite-earths-reading-order/index.html]
[comicbookreadingorders.com/wp-json/oembed/1.0/embed878a.json]
[comicbookreadingorders.com/wp-json/oembed/1.0/embedc5c5]
[comicbookreadingorders.com/dc/events/zero-hour-reading-order/index.html]
[comicbookreadingorders.com/wp-json/oembed/1.0/embed19dc.json]
[comicbookreadingorders.com/wp-json/oembed/1.0/embede491]
[comicbookreadingorders.com/dc/events/infinite-crisis-reading-order/index.html]
[comicbookreadingorders.com/wp-json/oembed/1.0/embed1162.json]
[comicbookreadingorders.com/wp-json/oembed/1.0/embed1a5f]
[comicbookreadingorders.com/dc/events/final-crisis-reading-order/index.html]
[comicbookreadingorders.com/wp-json/oembed/1.0/embed5413.json]
[comicbookreadingorders.com/wp-json/oembed/1.0/embeddd22]
[comicbookreadingorders.com/dc/events/flashpoint-reading-order/index.html]
[comicbookreadingorders.com/wp-json/oembed/1.0/embed5b7e.json]
[comicbookreadingorders.com/wp-json/oembed/1.0/embed00ef]
[comicbookreadingorders.com/dc/events/convergence-reading-order/index.html]
[comicbookreadingorders.com/wp-json/wp/v2/pages/62.json]
[comicbookreadingorders.com/index5c36.html]
[comicbookreadingorders.com/wp-json/oembed/1.0/embed34ea.json]
[comicbookreadingorders.com/wp-json/oembed/1.0/embed2322]
[comicbookreadingorders.com/dc/event-timeline/index.html]
[comicbookreadingorders.com/wp-json/oembed/1.0/embed45bf.json]
[comicbookreadingorders.com/wp-json/oembed/1.0/embedf3c9]
[comicbookreadingorders.com/dc/events/absolute-power-reading-order/index.html]
[comicbookreadingorders.com/wp-json/oembed/1.0/embeded40.json]
[comicbookreadingorders.com/wp-json/oembed/1.0/embedf8f6]
[comicbookreadingorders.com/dc/events/absolute-universe-reading-order/index.html]
[comicbookreadingorders.com/wp-json/oembed/1.0/embed5484.json]
[comicbookreadingorders.com/wp-json/oembed/1.0/embedc0de]
[comicbookreadingorders.com/dc/events/amazons-attack-reading-order/index.html]
[comicbookreadingorders.com/wp-json/oembed/1.0/embed552a.json]
[comicbookreadingorders.com/wp-json/oembed/1.0/embed0b32]
[comicbookreadingorders.com/dc/events/aquaman-death-of-a-prince-reading-order/index.html]
[comicbookreadingorders.com/wp-json/oembed/1.0/embeded7c.json]
[comicbookreadingorders.com/wp-json/oembed/1.0/embedc8a7]
[comicbookreadingorders.com/dc/events/armageddon-2001-reading-order/index.html]
[comicbookreadingorders.com/wp-json/oembed/1.0/embed7ffc.json]
[comicbookreadingorders.com/wp-json/oembed/1.0/embed9c3f]
[comicbookreadingorders.com/dc/events/batman-a-lonely-place-of-dying-reading-order/index.html]
[comicbookreadingorders.com/wp-json/oembed/1.0/embed116c.json]
[comicbookreadingorders.com/wp-json/oembed/1.0/embed0a57]
[comicbookreadingorders.com/dc/events/batman-cataclysm-reading-order/index.html]
[comicbookreadingorders.com/wp-json/oembed/1.0/embedd42c.json]
[comicbookreadingorders.com/wp-json/oembed/1.0/embedcb94]
[comicbookreadingorders.com/dc/events/batman-contagion-reading-order/index.html]
[comicbookreadingorders.com/wp-json/oembed/1.0/embed7dab.json]
[comicbookreadingorders.com/wp-json/oembed/1.0/embed6ef9]
[comicbookreadingorders.com/dc/events/batman-endgame-reading-order/index.html]
[comicbookreadingorders.com/wp-json/oembed/1.0/embedc777.json]
[comicbookreadingorders.com/wp-json/oembed/1.0/embed6da5]
[comicbookreadingorders.com/dc/events/batman-face-the-face-reading-order/index.html]
[comicbookreadingorders.com/wp-json/oembed/1.0/embed500a.json]
[comicbookreadingorders.com/wp-json/oembed/1.0/embed10c0]
[comicbookreadingorders.com/dc/events/batman-judgment-on-gotham-reading-order/index.html]
[comicbookreadingorders.com/wp-json/oembed/1.0/embed13ee.json]
[comicbookreadingorders.com/wp-json/oembed/1.0/embed5172]
[comicbookreadingorders.com/dc/events/batman-legacy-reading-order/index.html]
[comicbookreadingorders.com/wp-json/oembed/1.0/embedc6a1.json]
[comicbookreadingorders.com/wp-json/oembed/1.0/embed6b44]
[comicbookreadingorders.com/dc/events/batman-no-mans-land-reading-order/index.html]
[comicbookreadingorders.com/wp-json/oembed/1.0/embed6a22.json]
[comicbookreadingorders.com/wp-json/oembed/1.0/embed68ba]
[comicbookreadingorders.com/dc/events/batman-officer-down-reading-order/index.html]
[comicbookreadingorders.com/wp-json/oembed/1.0/embede865.json]
[comicbookreadingorders.com/wp-json/oembed/1.0/embede7c6]
[comicbookreadingorders.com/dc/events/batman-prodigal-reading-order/index.html]
[comicbookreadingorders.com/wp-json/oembed/1.0/embed3a09.json]
[comicbookreadingorders.com/wp-json/oembed/1.0/embedcf9b]
[comicbookreadingorders.com/dc/events/batman-requiem-reading-order/index.html]
[comicbookreadingorders.com/wp-json/oembed/1.0/embedb7a4.json]
[comicbookreadingorders.com/wp-json/oembed/1.0/embed9b11]
[comicbookreadingorders.com/dc/events/batman-troika-reading-order/index.html]
[comicbookreadingorders.com/wp-json/oembed/1.0/embedfc03.json]
[comicbookreadingorders.com/wp-json/oembed/1.0/embed8eb4]
[comicbookreadingorders.com/dc/events/batman-war-crimes-reading-order/index.html]
[comicbookreadingorders.com/wp-json/oembed/1.0/embeddb17.json]
[comicbookreadingorders.com/wp-json/oembed/1.0/embedb846]
[comicbookreadingorders.com/dc/events/batman-war-games-reading-order/index.html]
[comicbookreadingorders.com/wp-json/oembed/1.0/embed90d4.json]
[comicbookreadingorders.com/wp-json/oembed/1.0/embed6b3a]
[comicbookreadingorders.com/dc/events/batman-zero-year-reading-order/index.html]
[comicbookreadingorders.com/wp-json/oembed/1.0/embed8760.json]
[comicbookreadingorders.com/wp-json/oembed/1.0/embedc8bf]
[comicbookreadingorders.com/dc/events/battle-for-the-cowl-reading-order/index.html]
[comicbookreadingorders.com/wp-json/oembed/1.0/embed6cca.json]
[comicbookreadingorders.com/wp-json/oembed/1.0/embed3a13]
[comicbookreadingorders.com/dc/events/behold-the-millennium-giants-reading-order/index.html]
[comicbookreadingorders.com/wp-json/oembed/1.0/embed7a83.json]
[comicbookreadingorders.com/wp-json/oembed/1.0/embed31f5]
[comicbookreadingorders.com/dc/events/the-black-diamond-probability-reading-order/index.html]
[comicbookreadingorders.com/wp-json/oembed/1.0/embed7025.json]
[comicbookreadingorders.com/wp-json/oembed/1.0/embed010c]
[comicbookreadingorders.com/dc/events/blackest-night-reading-order/index.html]
[comicbookreadingorders.com/wp-json/oembed/1.0/embed3d02.json]
[comicbookreadingorders.com/wp-json/oembed/1.0/embedbf24]
[comicbookreadingorders.com/dc/events/bloodlines-reading-order/index.html]
[comicbookreadingorders.com/wp-json/oembed/1.0/embed3316.json]
[comicbookreadingorders.com/wp-json/oembed/1.0/embed6687]
[comicbookreadingorders.com/dc/events/brightest-day-reading-order/index.html]
[comicbookreadingorders.com/wp-json/oembed/1.0/embed5fd2.json]
[comicbookreadingorders.com/wp-json/oembed/1.0/embed8e05]
[comicbookreadingorders.com/dc/events/brotherhood-of-the-fist-reading-order/index.html]
[comicbookreadingorders.com/wp-json/oembed/1.0/embed124b.json]
[comicbookreadingorders.com/wp-json/oembed/1.0/embeda1a2]
[comicbookreadingorders.com/dc/events/bruce-wayne-fugitive-reading-order/index.html]
[comicbookreadingorders.com/wp-json/oembed/1.0/embedd918.json]
[comicbookreadingorders.com/wp-json/oembed/1.0/embedcbd8]
[comicbookreadingorders.com/dc/events/bruce-wayne-murderer-reading-order/index.html]
[comicbookreadingorders.com/wp-json/oembed/1.0/embed0775.json]
[comicbookreadingorders.com/wp-json/oembed/1.0/embed2f08]
[comicbookreadingorders.com/dc/events/city-of-bane-reading-order/index.html]
[comicbookreadingorders.com/wp-json/oembed/1.0/embede2e6.json]
[comicbookreadingorders.com/wp-json/oembed/1.0/embedd9da]
[comicbookreadingorders.com/dc/events/countdown-to-infinite-crisis-reading-order/index.html]
[comicbookreadingorders.com/wp-json/oembed/1.0/embed7b47.json]
[comicbookreadingorders.com/wp-json/oembed/1.0/embed6476]
[comicbookreadingorders.com/dc/events/the-culling-reading-order/index.html]
[comicbookreadingorders.com/wp-json/oembed/1.0/embeddf27.json]
[comicbookreadingorders.com/wp-json/oembed/1.0/embedbf6e]
[comicbookreadingorders.com/dc/events/dark-crisis-on-infinite-earths-reading-order/index.html]
[comicbookreadingorders.com/wp-json/oembed/1.0/embed68f3.json]
[comicbookreadingorders.com/wp-json/oembed/1.0/embeda1d8]
[comicbookreadingorders.com/dc/events/dark-nights-death-metal-reading-order/index.html]
[comicbookreadingorders.com/wp-json/oembed/1.0/embedff08.json]
[comicbookreadingorders.com/wp-json/oembed/1.0/embed2696]
[comicbookreadingorders.com/dc/events/dark-nights-metal-reading-order/index.html]
[comicbookreadingorders.com/wp-json/oembed/1.0/embed17e4.json]
[comicbookreadingorders.com/wp-json/oembed/1.0/embedec10]
[comicbookreadingorders.com/dc/events/darkseid-war-reading-order/index.html]
[comicbookreadingorders.com/wp-json/oembed/1.0/embedf288.json]
[comicbookreadingorders.com/wp-json/oembed/1.0/embedd079]
[comicbookreadingorders.com/dc/dawn-of-dc-reading-order/index.html]
[comicbookreadingorders.com/wp-json/oembed/1.0/embedca34.json]
[comicbookreadingorders.com/wp-json/oembed/1.0/embedd861]
[comicbookreadingorders.com/dc/events/day-of-judgment-reading-order/index.html]
[comicbookreadingorders.com/wp-json/oembed/1.0/embedfbfc.json]
[comicbookreadingorders.com/wp-json/oembed/1.0/embedc238]
[comicbookreadingorders.com/dc/events/dc-k-o-reading-order/index.html]
[comicbookreadingorders.com/wp-json/oembed/1.0/embed0f7b.json]
[comicbookreadingorders.com/wp-json/oembed/1.0/embeda6a5]
[comicbookreadingorders.com/dc/events/dc-one-million-reading-order/index.html]
[comicbookreadingorders.com/wp-json/oembed/1.0/embed4a38.json]
[comicbookreadingorders.com/wp-json/oembed/1.0/embeda709]
[comicbookreadingorders.com/dc/events/dc-universe-trinity-reading-order/index.html]
[comicbookreadingorders.com/wp-json/oembed/1.0/embedc71f.json]
[comicbookreadingorders.com/wp-json/oembed/1.0/embed7978]
[comicbookreadingorders.com/dc/events/dc-you-reading-order/index.html]
[comicbookreadingorders.com/wp-json/oembed/1.0/embedbed6.json]
[comicbookreadingorders.com/wp-json/oembed/1.0/embed8d5f]
[comicbookreadingorders.com/dc/events/dceased-reading-order/index.html]
[comicbookreadingorders.com/wp-json/oembed/1.0/embed9ca6.json]
[comicbookreadingorders.com/wp-json/oembed/1.0/embede8f2]
[comicbookreadingorders.com/dc/events/death-of-superman-reading-order/index.html]
[comicbookreadingorders.com/wp-json/oembed/1.0/embedcefa.json]
[comicbookreadingorders.com/wp-json/oembed/1.0/embed1219]
[comicbookreadingorders.com/dc/events/death-of-the-family-reading-order/index.html]
[comicbookreadingorders.com/wp-json/oembed/1.0/embedb8d7.json]
[comicbookreadingorders.com/wp-json/oembed/1.0/embed47b4]
[comicbookreadingorders.com/dc/events/drowned-earth-reading-order/index.html]
[comicbookreadingorders.com/wp-json/oembed/1.0/embed3d27.json]
[comicbookreadingorders.com/wp-json/oembed/1.0/embed41e5]
[comicbookreadingorders.com/dc/events/eclipso-the-darkness-within-reading-order/index.html]
[comicbookreadingorders.com/wp-json/oembed/1.0/embedc543.json]
[comicbookreadingorders.com/wp-json/oembed/1.0/embedb977]
[comicbookreadingorders.com/dc/events/endless-winter-reading-order/index.html]
[comicbookreadingorders.com/wp-json/oembed/1.0/embed4d38-2.json]
[comicbookreadingorders.com/wp-json/oembed/1.0/embeddcb4]
[comicbookreadingorders.com/dc/events/event-leviathan-reading-order/index.html]
[comicbookreadingorders.com/wp-json/oembed/1.0/embed52c9.json]
[comicbookreadingorders.com/wp-json/oembed/1.0/embedeaee]
[comicbookreadingorders.com/dc/events/fear-state-reading-order/index.html]
[comicbookreadingorders.com/wp-json/oembed/1.0/embedcd75.json]
[comicbookreadingorders.com/wp-json/oembed/1.0/embed6c31]
[comicbookreadingorders.com/dc/events/final-days-of-superman-reading-order/index.html]
[comicbookreadingorders.com/wp-json/oembed/1.0/embed2876.json]
[comicbookreadingorders.com/wp-json/oembed/1.0/embed7663]
[comicbookreadingorders.com/dc/events/final-night-reading-order/index.html]
[comicbookreadingorders.com/wp-json/oembed/1.0/embed29e5.json]
[comicbookreadingorders.com/wp-json/oembed/1.0/embed2f37]
[comicbookreadingorders.com/dc/events/flash-dead-heat-reading-order/index.html]
[comicbookreadingorders.com/wp-json/oembed/1.0/embede239.json]
[comicbookreadingorders.com/wp-json/oembed/1.0/embedb7e2]
[comicbookreadingorders.com/dc/events/forever-evil-reading-order/index.html]
[comicbookreadingorders.com/wp-json/oembed/1.0/embedef08.json]
[comicbookreadingorders.com/wp-json/oembed/1.0/embed8283]
[comicbookreadingorders.com/dc/events/forever-evil-blight-reading-order/index.html]
[comicbookreadingorders.com/wp-json/oembed/1.0/embed7cc9.json]
[comicbookreadingorders.com/wp-json/oembed/1.0/embedb66e]
[comicbookreadingorders.com/dc/events/funeral-for-a-friend-reading-order/index.html]
[comicbookreadingorders.com/wp-json/oembed/1.0/embed5e54.json]
[comicbookreadingorders.com/wp-json/oembed/1.0/embed7f8b]
[comicbookreadingorders.com/dc/events/future-state-reading-order/index.html]
[comicbookreadingorders.com/wp-json/oembed/1.0/embeded9e.json]
[comicbookreadingorders.com/wp-json/oembed/1.0/embedd5f9]
[comicbookreadingorders.com/dc/events/genesis-reading-order/index.html]
[comicbookreadingorders.com/wp-json/oembed/1.0/embed1ce0.json]
[comicbookreadingorders.com/wp-json/oembed/1.0/embedf200]
[comicbookreadingorders.com/dc/events/gotham-war-reading-order/index.html]
[comicbookreadingorders.com/wp-json/oembed/1.0/embed4371.json]
[comicbookreadingorders.com/wp-json/oembed/1.0/embedc169]
[comicbookreadingorders.com/dc/events/gothtopia-reading-order/index.html]
[comicbookreadingorders.com/wp-json/oembed/1.0/embed971a.json]
[comicbookreadingorders.com/dc/events/grant-morrisons-batman-reading-order/index.html]
[comicbookreadingorders.com/wp-json/oembed/1.0/embedbfa6]
[comicbookreadingorders.com/wp-json/oembed/1.0/embed6064.json]
[comicbookreadingorders.com/wp-json/oembed/1.0/embedbd19]
[comicbookreadingorders.com/dc/events/green-lantern-godhead-reading-order/index.html]
[comicbookreadingorders.com/wp-json/oembed/1.0/embeda4d6.json]
[comicbookreadingorders.com/wp-json/oembed/1.0/embede6c9]
[comicbookreadingorders.com/dc/events/green-lantern-lights-out-reading-order/index.html]
[comicbookreadingorders.com/wp-json/oembed/1.0/embed35d4.json]
[comicbookreadingorders.com/wp-json/oembed/1.0/embed409c]
[comicbookreadingorders.com/dc/events/green-lantern-uprising-reading-order/index.html]
[comicbookreadingorders.com/wp-json/oembed/1.0/embedbc63.json]
[comicbookreadingorders.com/wp-json/oembed/1.0/embedc3d5]
[comicbookreadingorders.com/dc/events/heroes-in-crisis-reading-order/index.html]
[comicbookreadingorders.com/wp-json/oembed/1.0/embed6ab1.json]
[comicbookreadingorders.com/wp-json/oembed/1.0/embed9f74]
[comicbookreadingorders.com/dc/events/identity-crisis-reading-order/index.html]
[comicbookreadingorders.com/wp-json/oembed/1.0/embed8f72.json]
[comicbookreadingorders.com/wp-json/oembed/1.0/embedfd24]
[comicbookreadingorders.com/dc/events/the-infected-reading-order/index.html]
[comicbookreadingorders.com/wp-json/oembed/1.0/embede289.json]
[comicbookreadingorders.com/wp-json/oembed/1.0/embed1485]
[comicbookreadingorders.com/dc/infinite-frontier-reading-order/index.html]
[comicbookreadingorders.com/wp-json/oembed/1.0/embedfc68.json]
[comicbookreadingorders.com/wp-json/oembed/1.0/embed2d7d]
[comicbookreadingorders.com/dc/events/injustice-reading-order/index.html]
[comicbookreadingorders.com/wp-json/oembed/1.0/embed60ef.json]
[comicbookreadingorders.com/wp-json/oembed/1.0/embed7dcd]
[comicbookreadingorders.com/dc/events/invasion-reading-order/index.html]
[comicbookreadingorders.com/wp-json/oembed/1.0/embed8d13]
[comicbookreadingorders.com/wp-json/oembed/1.0/embede75d.json]
[comicbookreadingorders.com/dc/events/jack-kirbys-fourth-world-reading-order/index.html]
[comicbookreadingorders.com/wp-json/oembed/1.0/embed1823.json]
[comicbookreadingorders.com/wp-json/oembed/1.0/embedc95a]
[comicbookreadingorders.com/dc/events/janus-directive-reading-order/index.html]
[comicbookreadingorders.com/wp-json/oembed/1.0/embede644.json]
[comicbookreadingorders.com/wp-json/oembed/1.0/embed2a75]
[comicbookreadingorders.com/dc/events/jokers-last-laugh-reading-order/index.html]
[comicbookreadingorders.com/wp-json/oembed/1.0/embeda14e.json]
[comicbookreadingorders.com/wp-json/oembed/1.0/embedfcf5]
[comicbookreadingorders.com/dc/events/joker-war-reading-order/index.html]
[comicbookreadingorders.com/wp-json/oembed/1.0/embed3e32.json]
[comicbookreadingorders.com/wp-json/oembed/1.0/embede738]
[comicbookreadingorders.com/dc/events/jsa-black-reign-reading-order/index.html]
[comicbookreadingorders.com/wp-json/oembed/1.0/embed225b.json]
[comicbookreadingorders.com/wp-json/oembed/1.0/embed95f1]
[comicbookreadingorders.com/dc/events/justice-league-breakdowns-reading-order/index.html]
[comicbookreadingorders.com/wp-json/oembed/1.0/embedde61.json]
[comicbookreadingorders.com/wp-json/oembed/1.0/embed763c]
[comicbookreadingorders.com/dc/events/justice-league-vs-suicide-squad-reading-order/index.html]
[comicbookreadingorders.com/wp-json/oembed/1.0/embed296e.json]
[comicbookreadingorders.com/wp-json/oembed/1.0/embede745]
[comicbookreadingorders.com/dc/events/the-justice-society-returns-reading-order/index.html]
[comicbookreadingorders.com/wp-json/oembed/1.0/embedbe8a.json]
[comicbookreadingorders.com/wp-json/oembed/1.0/embed9f9c]
[comicbookreadingorders.com/dc/events/knight-terrors-reading-order/index.html]
[comicbookreadingorders.com/wp-json/oembed/1.0/embedd0bc.json]
[comicbookreadingorders.com/wp-json/oembed/1.0/embedd082]
[comicbookreadingorders.com/dc/events/knightfall-saga-reading-order/index.html]
[comicbookreadingorders.com/wp-json/oembed/1.0/embed049d.json]
[comicbookreadingorders.com/wp-json/oembed/1.0/embedb074]
[comicbookreadingorders.com/dc/events/krypton-returns-reading-order/index.html]
[comicbookreadingorders.com/wp-json/oembed/1.0/embeded5a-2.json]
[comicbookreadingorders.com/wp-json/oembed/1.0/embedd4f3]
[comicbookreadingorders.com/dc/events/lazarus-contract-reading-order/index.html]
[comicbookreadingorders.com/wp-json/oembed/1.0/embed3206.json]
[comicbookreadingorders.com/wp-json/oembed/1.0/embed1090]
[comicbookreadingorders.com/dc/events/lazarus-planet-reading-order/index.html]
[comicbookreadingorders.com/wp-json/oembed/1.0/embed643c.json]
[comicbookreadingorders.com/wp-json/oembed/1.0/embed3698]
[comicbookreadingorders.com/dc/events/legends-reading-order/index.html]
[comicbookreadingorders.com/wp-json/oembed/1.0/embed3dc8.json]
[comicbookreadingorders.com/wp-json/oembed/1.0/embed4858]
[comicbookreadingorders.com/dc/events/lightning-saga-reading-order/index.html]
[comicbookreadingorders.com/wp-json/oembed/1.0/embed46d7.json]
[comicbookreadingorders.com/wp-json/oembed/1.0/embed4641]
[comicbookreadingorders.com/dc/events/millennium-reading-order/index.html]
[comicbookreadingorders.com/wp-json/oembed/1.0/embed2bf1.json]
[comicbookreadingorders.com/wp-json/oembed/1.0/embedd065]
[comicbookreadingorders.com/dc/events/multiversity-reading-order/index.html]
[comicbookreadingorders.com/wp-json/oembed/1.0/embed3880.json]
[comicbookreadingorders.com/wp-json/oembed/1.0/embed7a7b]
[comicbookreadingorders.com/dc/events/new-52-futures-end-reading-order/index.html]
[comicbookreadingorders.com/wp-json/oembed/1.0/embedfc0d.json]
[comicbookreadingorders.com/wp-json/oembed/1.0/embedfd07]
[comicbookreadingorders.com/dc/events/night-of-the-monster-men-reading-order/index.html]
[comicbookreadingorders.com/wp-json/oembed/1.0/embed5f1d.json]
[comicbookreadingorders.com/wp-json/oembed/1.0/embed0bb1]
[comicbookreadingorders.com/dc/events/night-of-the-owls-reading-order/index.html]
[comicbookreadingorders.com/wp-json/oembed/1.0/embed1751.json]
[comicbookreadingorders.com/wp-json/oembed/1.0/embed6531]
[comicbookreadingorders.com/dc/events/our-worlds-at-war-reading-order/index.html]
[comicbookreadingorders.com/wp-json/oembed/1.0/embedb261.json]
[comicbookreadingorders.com/wp-json/oembed/1.0/embed02ea]
[comicbookreadingorders.com/dc/events/panic-in-the-sky-reading-order/index.html]
[comicbookreadingorders.com/wp-json/oembed/1.0/embed8395.json]
[comicbookreadingorders.com/wp-json/oembed/1.0/embed3889]
[comicbookreadingorders.com/dc/events/red-daughter-of-krypton-reading-order/index.html]
[comicbookreadingorders.com/wp-json/oembed/1.0/embed6c44.json]
[comicbookreadingorders.com/wp-json/oembed/1.0/embeda993]
[comicbookreadingorders.com/dc/events/reign-of-doomsday-reading-order/index.html]
[comicbookreadingorders.com/wp-json/oembed/1.0/embedecbb.json]
[comicbookreadingorders.com/wp-json/oembed/1.0/embed0695]
[comicbookreadingorders.com/dc/events/reign-of-the-supermen-reading-order/index.html]
[comicbookreadingorders.com/wp-json/oembed/1.0/embed613e.json]
[comicbookreadingorders.com/wp-json/oembed/1.0/embeda63e]
[comicbookreadingorders.com/dc/events/the-resurrection-of-ras-al-ghul-reading-order/index.html]
[comicbookreadingorders.com/wp-json/oembed/1.0/embedfc9c.json]
[comicbookreadingorders.com/wp-json/oembed/1.0/embedf5da]
[comicbookreadingorders.com/dc/events/rise-of-the-third-army-reading-order/index.html]
[comicbookreadingorders.com/wp-json/oembed/1.0/embed527f.json]
[comicbookreadingorders.com/wp-json/oembed/1.0/embed201c]
[comicbookreadingorders.com/dc/events/robin-rises-reading-order/index.html]
[comicbookreadingorders.com/wp-json/oembed/1.0/embedf5a3.json]
[comicbookreadingorders.com/wp-json/oembed/1.0/embedfccf]
[comicbookreadingorders.com/dc/events/robin-war-reading-order/index.html]
[comicbookreadingorders.com/wp-json/oembed/1.0/embed3b32.json]
[comicbookreadingorders.com/wp-json/oembed/1.0/embed44c1]
[comicbookreadingorders.com/dc/events/rotworld-reading-order/index.html]
[comicbookreadingorders.com/wp-json/oembed/1.0/embed19f4.json]
[comicbookreadingorders.com/wp-json/oembed/1.0/embed9b06]
[comicbookreadingorders.com/dc/events/shadow-war-reading-order/index.html]
[comicbookreadingorders.com/wp-json/oembed/1.0/embed4066-2.json]
[comicbookreadingorders.com/wp-json/oembed/1.0/embed3e8b]
[comicbookreadingorders.com/dc/events/sinestro-corps-war-reading-order/index.html]
[comicbookreadingorders.com/wp-json/oembed/1.0/embedcfd3.json]
[comicbookreadingorders.com/wp-json/oembed/1.0/embed1b68]
[comicbookreadingorders.com/dc/events/superman-doomed-reading-order/index.html]
[comicbookreadingorders.com/wp-json/oembed/1.0/embedddd4.json]
[comicbookreadingorders.com/wp-json/oembed/1.0/embedf2c8]
[comicbookreadingorders.com/dc/events/superman-emperor-joker-reading-order/index.html]
[comicbookreadingorders.com/wp-json/oembed/1.0/embedefc8.json]
[comicbookreadingorders.com/wp-json/oembed/1.0/embed35f6]
[comicbookreadingorders.com/dc/events/superman-exile-reading-order/index.html]
[comicbookreadingorders.com/wp-json/oembed/1.0/embedb9ee.json]
[comicbookreadingorders.com/wp-json/oembed/1.0/embed5e77]
[comicbookreadingorders.com/dc/events/superman-hel-on-earth-reading-order/index.html]
[comicbookreadingorders.com/wp-json/oembed/1.0/embedec24.json]
[comicbookreadingorders.com/wp-json/oembed/1.0/embedd175]
[comicbookreadingorders.com/dc/events/superman-house-of-brainiac-reading-order/index.html]
[comicbookreadingorders.com/wp-json/oembed/1.0/embeda957.json]
[comicbookreadingorders.com/wp-json/oembed/1.0/embed1818]
[comicbookreadingorders.com/dc/events/superman-new-krypton-reading-order/index.html]
[comicbookreadingorders.com/wp-json/oembed/1.0/embed6847.json]
[comicbookreadingorders.com/wp-json/oembed/1.0/embedebb8]
[comicbookreadingorders.com/dc/events/superman-reborn-reading-order/index.html]
[comicbookreadingorders.com/wp-json/oembed/1.0/embede07c.json]
[comicbookreadingorders.com/wp-json/oembed/1.0/embedcaa3]
[comicbookreadingorders.com/dc/events/superman-savage-dawn-reading-order/index.html]
[comicbookreadingorders.com/wp-json/oembed/1.0/embed8016.json]
[comicbookreadingorders.com/wp-json/oembed/1.0/embed79dd]
[comicbookreadingorders.com/dc/events/superman-up-up-and-away-reading-order/index.html]
[comicbookreadingorders.com/wp-json/oembed/1.0/embeda6de.json]
[comicbookreadingorders.com/wp-json/oembed/1.0/embed4562]
[comicbookreadingorders.com/dc/events/throne-of-atlantis-reading-order/index.html]
[comicbookreadingorders.com/wp-json/oembed/1.0/embed2d26.json]
[comicbookreadingorders.com/wp-json/oembed/1.0/embed14dd]
[comicbookreadingorders.com/dc/events/titans-beast-world-reading-order/index.html]
[comicbookreadingorders.com/wp-json/oembed/1.0/embedeb44.json]
[comicbookreadingorders.com/wp-json/oembed/1.0/embed91e3]
[comicbookreadingorders.com/dc/events/trial-superman-reading-order/index.html]
[comicbookreadingorders.com/wp-json/oembed/1.0/embed3032.json]
[comicbookreadingorders.com/wp-json/oembed/1.0/embed4564]
[comicbookreadingorders.com/dc/events/trial-of-the-amazons-reading-order/index.html]
[comicbookreadingorders.com/wp-json/oembed/1.0/embedd509.json]
[comicbookreadingorders.com/wp-json/oembed/1.0/embeda088]
[comicbookreadingorders.com/dc/events/trinity-war-reading-order/index.html]
[comicbookreadingorders.com/wp-json/oembed/1.0/embed3128.json]
[comicbookreadingorders.com/wp-json/oembed/1.0/embedaef1]
[comicbookreadingorders.com/dc/events/underworld-unleashed-reading-order/index.html]
[comicbookreadingorders.com/wp-json/oembed/1.0/embeda2cc.json]
[comicbookreadingorders.com/wp-json/oembed/1.0/embedbc62]
[comicbookreadingorders.com/dc/events/war-of-the-gods-reading-order/index.html]
[comicbookreadingorders.com/wp-json/oembed/1.0/embed5bc1.json]
[comicbookreadingorders.com/wp-json/oembed/1.0/embed15e1]
[comicbookreadingorders.com/dc/events/war-of-the-green-lanterns-reading-order/index.html]
[comicbookreadingorders.com/wp-json/oembed/1.0/embed9821.json]
[comicbookreadingorders.com/wp-json/oembed/1.0/embedc6c3]
[comicbookreadingorders.com/dc/events/world-without-young-justice-reading-order/index.html]
[comicbookreadingorders.com/wp-json/oembed/1.0/embede3c1.json]
[comicbookreadingorders.com/wp-json/oembed/1.0/embed5683]
[comicbookreadingorders.com/dc/events/worlds-collide-reading-order/index.html]
[comicbookreadingorders.com/wp-json/oembed/1.0/embed2c14.json]
[comicbookreadingorders.com/wp-json/oembed/1.0/embed7b5a]
[comicbookreadingorders.com/dc/events/wrath-of-the-first-lantern-reading-order/index.html]
[comicbookreadingorders.com/wp-json/oembed/1.0/embed40b4.json]
[comicbookreadingorders.com/wp-json/oembed/1.0/embed73bf]
[comicbookreadingorders.com/dc/events/zatannas-search-reading-order/index.html]
[comicbookreadingorders.com/wp-json/wp/v2/pages/64.json]
[comicbookreadingorders.com/index8cd4.html]
[comicbookreadingorders.com/wp-json/oembed/1.0/embed8411.json]
[comicbookreadingorders.com/wp-json/oembed/1.0/embeddd4e]
[comicbookreadingorders.com/dc/characters/animal-man-reading-order/index.html]
[comicbookreadingorders.com/wp-json/oembed/1.0/embed3999.json]
[comicbookreadingorders.com/wp-json/oembed/1.0/embedc1ee]
[comicbookreadingorders.com/dc/characters/aquaman-reading-order/index.html]
[comicbookreadingorders.com/wp-json/oembed/1.0/embed979d.json]
[comicbookreadingorders.com/wp-json/oembed/1.0/embede818]
[comicbookreadingorders.com/dc/characters/the-atom-reading-order/index.html]
[comicbookreadingorders.com/wp-json/oembed/1.0/embed42f3.json]
[comicbookreadingorders.com/wp-json/oembed/1.0/embed4031]
[comicbookreadingorders.com/dc/characters/azrael-reading-order/index.html]
[comicbookreadingorders.com/wp-json/oembed/1.0/embed9f83.json]
[comicbookreadingorders.com/wp-json/oembed/1.0/embed579b]
[comicbookreadingorders.com/dc/characters/bane-reading-order/index.html]
[comicbookreadingorders.com/wp-json/oembed/1.0/embed5ef2.json]
[comicbookreadingorders.com/wp-json/oembed/1.0/embed3b25]
[comicbookreadingorders.com/dc/characters/barbara-gordon-reading-order/index.html]
[comicbookreadingorders.com/wp-json/oembed/1.0/embedae33.json]
[comicbookreadingorders.com/wp-json/oembed/1.0/embed8c87]
[comicbookreadingorders.com/dc/characters/batman-reading-order/index.html]
[comicbookreadingorders.com/wp-json/oembed/1.0/embedc130.json]
[comicbookreadingorders.com/wp-json/oembed/1.0/embede1d4]
[comicbookreadingorders.com/dc/characters/batman-beyond-reading-order/index.html]
[comicbookreadingorders.com/wp-json/oembed/1.0/embedc35a.json]
[comicbookreadingorders.com/wp-json/oembed/1.0/embed1440]
[comicbookreadingorders.com/dc/characters/batman-villains-reading-order/index.html]
[comicbookreadingorders.com/wp-json/oembed/1.0/embedb83c.json]
[comicbookreadingorders.com/wp-json/oembed/1.0/embeda4f0]
[comicbookreadingorders.com/dc/characters/batwoman-reading-order/index.html]
[comicbookreadingorders.com/wp-json/oembed/1.0/embed7599.json]
[comicbookreadingorders.com/wp-json/oembed/1.0/embedce2c]
[comicbookreadingorders.com/dc/characters/big-barda-reading-order/index.html]
[comicbookreadingorders.com/wp-json/oembed/1.0/embedf481.json]
[comicbookreadingorders.com/wp-json/oembed/1.0/embed3c43]
[comicbookreadingorders.com/dc/characters/bizarro-reading-order/index.html]
[comicbookreadingorders.com/wp-json/oembed/1.0/embeddc24.json]
[comicbookreadingorders.com/wp-json/oembed/1.0/embed2d01]
[comicbookreadingorders.com/dc/characters/black-adam-reading-order/index.html]
[comicbookreadingorders.com/wp-json/oembed/1.0/embed05e1.json]
[comicbookreadingorders.com/wp-json/oembed/1.0/embedcbe2]
[comicbookreadingorders.com/dc/characters/black-canary-reading-order/index.html]
[comicbookreadingorders.com/wp-json/oembed/1.0/embede4e4]
[comicbookreadingorders.com/dc/characters/black-lightning-reading-order/index.html]
[comicbookreadingorders.com/wp-json/oembed/1.0/embed9cbc.json]
[comicbookreadingorders.com/wp-json/oembed/1.0/embed234a.json]
[comicbookreadingorders.com/wp-json/oembed/1.0/embed0231]
[comicbookreadingorders.com/dc/characters/black-manta-reading-order/index.html]
[comicbookreadingorders.com/wp-json/oembed/1.0/embed6f4e.json]
[comicbookreadingorders.com/wp-json/oembed/1.0/embed2a9c]
[comicbookreadingorders.com/dc/characters/blue-beetle-and-booster-gold-reading-order/index.html]
[comicbookreadingorders.com/wp-json/oembed/1.0/embedb73b.json]
[comicbookreadingorders.com/wp-json/oembed/1.0/embed08e5]
[comicbookreadingorders.com/dc/characters/brainiac-reading-order/index.html]
[comicbookreadingorders.com/wp-json/oembed/1.0/embedc508.json]
[comicbookreadingorders.com/wp-json/oembed/1.0/embed6e46]
[comicbookreadingorders.com/dc/characters/captain-cold-reading-order/index.html]
[comicbookreadingorders.com/wp-json/oembed/1.0/embedf541.json]
[comicbookreadingorders.com/wp-json/oembed/1.0/embedc66e]
[comicbookreadingorders.com/dc/characters/cassandra-cain-reading-order/index.html]
[comicbookreadingorders.com/wp-json/oembed/1.0/embed9e2d.json]
[comicbookreadingorders.com/wp-json/oembed/1.0/embed725e]
[comicbookreadingorders.com/dc/characters/catwoman-reading-order/index.html]
[comicbookreadingorders.com/wp-json/oembed/1.0/embedadc8.json]
[comicbookreadingorders.com/wp-json/oembed/1.0/embed553f]
[comicbookreadingorders.com/dc/characters/cheetah-reading-order/index.html]
[comicbookreadingorders.com/wp-json/oembed/1.0/embed323b.json]
[comicbookreadingorders.com/wp-json/oembed/1.0/embedb347]
[comicbookreadingorders.com/dc/characters/clayface-reading-order/index.html]
[comicbookreadingorders.com/wp-json/oembed/1.0/embed3c31.json]
[comicbookreadingorders.com/wp-json/oembed/1.0/embed2486]
[comicbookreadingorders.com/dc/characters/the-creeper-reading-order/index.html]
[comicbookreadingorders.com/wp-json/oembed/1.0/embedae60.json]
[comicbookreadingorders.com/wp-json/oembed/1.0/embed0e3a]
[comicbookreadingorders.com/dc/characters/cyborg-reading-order/index.html]
[comicbookreadingorders.com/wp-json/oembed/1.0/embed6f45.json]
[comicbookreadingorders.com/wp-json/oembed/1.0/embed154c]
[comicbookreadingorders.com/dc/characters/cyborg-superman-reading-order/index.html]
[comicbookreadingorders.com/wp-json/oembed/1.0/embedf22d.json]
[comicbookreadingorders.com/wp-json/oembed/1.0/embed9e3b]
[comicbookreadingorders.com/dc/characters/damian-wayne-reading-order/index.html]
[comicbookreadingorders.com/wp-json/oembed/1.0/embede9fb.json]
[comicbookreadingorders.com/wp-json/oembed/1.0/embed9dab]
[comicbookreadingorders.com/dc/characters/deadman-reading-order/index.html]
[comicbookreadingorders.com/wp-json/oembed/1.0/embedb09e.json]
[comicbookreadingorders.com/wp-json/oembed/1.0/embed8036]
[comicbookreadingorders.com/dc/characters/deathstroke-reading-order/index.html]
[comicbookreadingorders.com/wp-json/oembed/1.0/embeda3ec.json]
[comicbookreadingorders.com/wp-json/oembed/1.0/embedd498]
[comicbookreadingorders.com/dc/characters/dick-grayson-reading-order/index.html]
[comicbookreadingorders.com/wp-json/oembed/1.0/embedb20f.json]
[comicbookreadingorders.com/wp-json/oembed/1.0/embed89b8]
[comicbookreadingorders.com/dc/characters/doctor-fate-reading-order/index.html]
[comicbookreadingorders.com/wp-json/oembed/1.0/embedbf15.json]
[comicbookreadingorders.com/wp-json/oembed/1.0/embedf657]
[comicbookreadingorders.com/dc/characters/doom-patrol-reading-order/index.html]
[comicbookreadingorders.com/wp-json/oembed/1.0/embedd8a0.json]
[comicbookreadingorders.com/wp-json/oembed/1.0/embedc396]
[comicbookreadingorders.com/dc/characters/duke-thomas-reading-order/index.html]
[comicbookreadingorders.com/wp-json/oembed/1.0/embedc3f4.json]
[comicbookreadingorders.com/wp-json/oembed/1.0/embed406d]
[comicbookreadingorders.com/dc/characters/elongated-man-reading-order/index.html]
[comicbookreadingorders.com/wp-json/oembed/1.0/embeda1f8.json]
[comicbookreadingorders.com/wp-json/oembed/1.0/embed8e82]
[comicbookreadingorders.com/dc/characters/etrigan-the-demon-reading-order/index.html]
[comicbookreadingorders.com/wp-json/oembed/1.0/embed13d4.json]
[comicbookreadingorders.com/wp-json/oembed/1.0/embed69f1]
[comicbookreadingorders.com/dc/characters/firestorm-reading-order/index.html]
[comicbookreadingorders.com/wp-json/oembed/1.0/embedb99a.json]
[comicbookreadingorders.com/wp-json/oembed/1.0/embedd654]
[comicbookreadingorders.com/dc/characters/the-flash-reading-order/index.html]
[comicbookreadingorders.com/wp-json/oembed/1.0/embed7de4.json]
[comicbookreadingorders.com/wp-json/oembed/1.0/embed3098]
[comicbookreadingorders.com/dc/characters/green-arrow-reading-order/index.html]
[comicbookreadingorders.com/wp-json/oembed/1.0/embedcf4a.json]
[comicbookreadingorders.com/wp-json/oembed/1.0/embed1fd5]
[comicbookreadingorders.com/dc/characters/green-lantern-reading-order/index.html]
[comicbookreadingorders.com/wp-json/oembed/1.0/embed641e.json]
[comicbookreadingorders.com/wp-json/oembed/1.0/embeda4d0]
[comicbookreadingorders.com/dc/characters/guy-gardner-reading-order/index.html]
[comicbookreadingorders.com/wp-json/oembed/1.0/embedf005.json]
[comicbookreadingorders.com/wp-json/oembed/1.0/embed0e17]
[comicbookreadingorders.com/dc/characters/harley-quinn-reading-order/index.html]
[comicbookreadingorders.com/wp-json/oembed/1.0/embede45b.json]
[comicbookreadingorders.com/wp-json/oembed/1.0/embed3332]
[comicbookreadingorders.com/dc/characters/hawkman-and-hawkgirl-reading-order/index.html]
[comicbookreadingorders.com/wp-json/oembed/1.0/embed783c.json]
[comicbookreadingorders.com/wp-json/oembed/1.0/embed36c7]
[comicbookreadingorders.com/dc/characters/jason-todd-reading-order/index.html]
[comicbookreadingorders.com/wp-json/oembed/1.0/embed4ad3.json]
[comicbookreadingorders.com/wp-json/oembed/1.0/embeda12c]
[comicbookreadingorders.com/dc/characters/jim-gordon-reading-order/index.html]
[comicbookreadingorders.com/wp-json/oembed/1.0/embedf3f2.json]
[comicbookreadingorders.com/wp-json/oembed/1.0/embed168e]
[comicbookreadingorders.com/dc/characters/jimmy-olsen-reading-order/index.html]
[comicbookreadingorders.com/wp-json/oembed/1.0/embede029.json]
[comicbookreadingorders.com/wp-json/oembed/1.0/embedbc48]
[comicbookreadingorders.com/dc/characters/john-constantine-reading-order/index.html]
[comicbookreadingorders.com/wp-json/oembed/1.0/embedaab1.json]
[comicbookreadingorders.com/wp-json/oembed/1.0/embedef73]
[comicbookreadingorders.com/dc/characters/joker-reading-order/index.html]
[comicbookreadingorders.com/wp-json/oembed/1.0/embed2635.json]
[comicbookreadingorders.com/wp-json/oembed/1.0/embede355]
[comicbookreadingorders.com/dc/characters/justice-league-reading-order/index.html]
[comicbookreadingorders.com/wp-json/oembed/1.0/embed3264.json]
[comicbookreadingorders.com/wp-json/oembed/1.0/embed012b]
[comicbookreadingorders.com/dc/characters/justice-league-dark-reading-order/index.html]
[comicbookreadingorders.com/wp-json/oembed/1.0/embeda716.json]
[comicbookreadingorders.com/wp-json/oembed/1.0/embedf68b]
[comicbookreadingorders.com/dc/characters/justice-society-reading-order/index.html]
[comicbookreadingorders.com/wp-json/oembed/1.0/embedb5d8.json]
[comicbookreadingorders.com/wp-json/oembed/1.0/embed757b]
[comicbookreadingorders.com/dc/characters/killer-croc-reading-order/index.html]
[comicbookreadingorders.com/wp-json/oembed/1.0/embede592.json]
[comicbookreadingorders.com/wp-json/oembed/1.0/embed43f1]
[comicbookreadingorders.com/dc/characters/king-shark-reading-order/index.html]
[comicbookreadingorders.com/wp-json/oembed/1.0/embedb5e7.json]
[comicbookreadingorders.com/wp-json/oembed/1.0/embed5508]
[comicbookreadingorders.com/dc/characters/krypto-reading-order/index.html]
[comicbookreadingorders.com/wp-json/oembed/1.0/embed984b.json]
[comicbookreadingorders.com/wp-json/oembed/1.0/embed26c3]
[comicbookreadingorders.com/dc/characters/larfleeze-reading-order/index.html]
[comicbookreadingorders.com/wp-json/oembed/1.0/embed4b62.json]
[comicbookreadingorders.com/wp-json/oembed/1.0/embedfa17]
[comicbookreadingorders.com/dc/characters/legion-of-super-heroes-reading-order/index.html]
[comicbookreadingorders.com/wp-json/oembed/1.0/embed7480.json]
[comicbookreadingorders.com/wp-json/oembed/1.0/embed0ed3]
[comicbookreadingorders.com/dc/characters/lex-luthor-reading-order/index.html]
[comicbookreadingorders.com/wp-json/oembed/1.0/embedbe0d.json]
[comicbookreadingorders.com/wp-json/oembed/1.0/embedd805]
[comicbookreadingorders.com/dc/characters/lobo-reading-order/index.html]
[comicbookreadingorders.com/wp-json/oembed/1.0/embedad9e.json]
[comicbookreadingorders.com/wp-json/oembed/1.0/embed43c3]
[comicbookreadingorders.com/dc/characters/lois-lane-reading-order/index.html]
[comicbookreadingorders.com/wp-json/oembed/1.0/embedeba6.json]
[comicbookreadingorders.com/wp-json/oembed/1.0/embed8027]
[comicbookreadingorders.com/dc/characters/martian-manhunter-reading-order/index.html]
[comicbookreadingorders.com/wp-json/oembed/1.0/embed248f.json]
[comicbookreadingorders.com/wp-json/oembed/1.0/embedff04]
[comicbookreadingorders.com/dc/characters/mary-marvel-reading-order/index.html]
[comicbookreadingorders.com/wp-json/oembed/1.0/embeda8be.json]
[comicbookreadingorders.com/wp-json/oembed/1.0/embedb2e6]
[comicbookreadingorders.com/dc/characters/metal-men-reading-order/index.html]
[comicbookreadingorders.com/wp-json/oembed/1.0/embed25f6.json]
[comicbookreadingorders.com/wp-json/oembed/1.0/embed683c]
[comicbookreadingorders.com/dc/characters/metallo-reading-order/index.html]
[comicbookreadingorders.com/wp-json/oembed/1.0/embed855a.json]
[comicbookreadingorders.com/wp-json/oembed/1.0/embedc02a]
[comicbookreadingorders.com/dc/characters/metamorpho-reading-order/index.html]
[comicbookreadingorders.com/wp-json/oembed/1.0/embed4c9d.json]
[comicbookreadingorders.com/wp-json/oembed/1.0/embedd808]
[comicbookreadingorders.com/dc/characters/mister-freeze-reading-order/index.html]
[comicbookreadingorders.com/wp-json/oembed/1.0/embed31c6.json]
[comicbookreadingorders.com/wp-json/oembed/1.0/embed27f7]
[comicbookreadingorders.com/dc/characters/mister-mxyzptlk-reading-order/index.html]
[comicbookreadingorders.com/wp-json/oembed/1.0/embedd467.json]
[comicbookreadingorders.com/wp-json/oembed/1.0/embed9de2]
[comicbookreadingorders.com/dc/characters/new-gods-reading-order/index.html]
[comicbookreadingorders.com/wp-json/oembed/1.0/embeda528.json]
[comicbookreadingorders.com/wp-json/oembed/1.0/embeddfa3]
[comicbookreadingorders.com/dc/characters/ocean-master-reading-order/index.html]
[comicbookreadingorders.com/wp-json/oembed/1.0/embedea06.json]
[comicbookreadingorders.com/wp-json/oembed/1.0/embedaada]
[comicbookreadingorders.com/dc/characters/parasite-reading-order/index.html]
[comicbookreadingorders.com/wp-json/oembed/1.0/embed49e6.json]
[comicbookreadingorders.com/wp-json/oembed/1.0/embed7f47]
[comicbookreadingorders.com/dc/characters/peacemaker-reading-order/index.html]
[comicbookreadingorders.com/wp-json/oembed/1.0/embed4386.json]
[comicbookreadingorders.com/wp-json/oembed/1.0/embed38c1]
[comicbookreadingorders.com/dc/characters/penguin-reading-order/index.html]
[comicbookreadingorders.com/wp-json/oembed/1.0/embedcdb1.json]
[comicbookreadingorders.com/wp-json/oembed/1.0/embedda80]
[comicbookreadingorders.com/dc/characters/phantom-stranger-reading-order/index.html]
[comicbookreadingorders.com/wp-json/oembed/1.0/embed3309.json]
[comicbookreadingorders.com/wp-json/oembed/1.0/embed4bd0]
[comicbookreadingorders.com/dc/characters/phantom-zone-reading-order/index.html]
[comicbookreadingorders.com/wp-json/oembed/1.0/embedd670.json]
[comicbookreadingorders.com/wp-json/oembed/1.0/embed3ec0]
[comicbookreadingorders.com/dc/characters/plastic-man-reading-order/index.html]
[comicbookreadingorders.com/wp-json/oembed/1.0/embedf65d.json]
[comicbookreadingorders.com/wp-json/oembed/1.0/embed1153]
[comicbookreadingorders.com/dc/characters/poison-ivy-reading-order/index.html]
[comicbookreadingorders.com/wp-json/oembed/1.0/embedbeb0.json]
[comicbookreadingorders.com/wp-json/oembed/1.0/embed947a]
[comicbookreadingorders.com/dc/characters/power-girl-reading-order/index.html]
[comicbookreadingorders.com/wp-json/oembed/1.0/embed6b1d.json]
[comicbookreadingorders.com/wp-json/oembed/1.0/embedb8ad]
[comicbookreadingorders.com/dc/characters/the-question-reading-order/index.html]
[comicbookreadingorders.com/wp-json/oembed/1.0/embed4b15.json]
[comicbookreadingorders.com/wp-json/oembed/1.0/embed42ec]
[comicbookreadingorders.com/dc/characters/ras-al-ghul-reading-order/index.html]
[comicbookreadingorders.com/wp-json/oembed/1.0/embed4312.json]
[comicbookreadingorders.com/wp-json/oembed/1.0/embedb979]
[comicbookreadingorders.com/dc/characters/ragman-reading-order/index.html]
[comicbookreadingorders.com/wp-json/oembed/1.0/embedb2f5.json]
[comicbookreadingorders.com/wp-json/oembed/1.0/embed66f4]
[comicbookreadingorders.com/dc/characters/renee-montoya-reading-order/index.html]
[comicbookreadingorders.com/wp-json/oembed/1.0/embedeb99-2.json]
[comicbookreadingorders.com/wp-json/oembed/1.0/embed691d]
[comicbookreadingorders.com/dc/characters/reverse-flash-reading-order/index.html]
[comicbookreadingorders.com/wp-json/oembed/1.0/embed5902.json]
[comicbookreadingorders.com/wp-json/oembed/1.0/embedce03]
[comicbookreadingorders.com/dc/characters/the-riddler-reading-order/index.html]
[comicbookreadingorders.com/wp-json/oembed/1.0/embed7c3f.json]
[comicbookreadingorders.com/wp-json/oembed/1.0/embed99c0]
[comicbookreadingorders.com/dc/characters/the-rogues-reading-order/index.html]
[comicbookreadingorders.com/wp-json/oembed/1.0/embedc4dc.json]
[comicbookreadingorders.com/wp-json/oembed/1.0/embed4ede]
[comicbookreadingorders.com/dc/characters/scarecrow-reading-order/index.html]
[comicbookreadingorders.com/wp-json/oembed/1.0/embed556d.json]
[comicbookreadingorders.com/wp-json/oembed/1.0/embed4216]
[comicbookreadingorders.com/dc/characters/shazam-captain-marvel-reading-order/index.html]
[comicbookreadingorders.com/wp-json/oembed/1.0/embed9a83.json]
[comicbookreadingorders.com/wp-json/oembed/1.0/embedc1f1]
[comicbookreadingorders.com/dc/characters/sinestro-reading-order/index.html]
[comicbookreadingorders.com/wp-json/oembed/1.0/embed965f.json]
[comicbookreadingorders.com/wp-json/oembed/1.0/embed7d03]
[comicbookreadingorders.com/dc/characters/the-spectre-reading-order/index.html]
[comicbookreadingorders.com/wp-json/oembed/1.0/embed5c56.json]
[comicbookreadingorders.com/wp-json/oembed/1.0/embed5937]
[comicbookreadingorders.com/dc/characters/solomon-grundy-reading-order/index.html]
[comicbookreadingorders.com/wp-json/oembed/1.0/embed4b56.json]
[comicbookreadingorders.com/wp-json/oembed/1.0/embed5464]
[comicbookreadingorders.com/dc/characters/stargirl-reading-order/index.html]
[comicbookreadingorders.com/wp-json/oembed/1.0/embedd552.json]
[comicbookreadingorders.com/wp-json/oembed/1.0/embedf291]
[comicbookreadingorders.com/dc/characters/stephanie-brown-reading-order/index.html]
[comicbookreadingorders.com/wp-json/oembed/1.0/embed6939.json]
[comicbookreadingorders.com/wp-json/oembed/1.0/embed3bc6]
[comicbookreadingorders.com/dc/characters/suicide-squad-reading-order/index.html]
[comicbookreadingorders.com/wp-json/oembed/1.0/embed7ce9.json]
[comicbookreadingorders.com/wp-json/oembed/1.0/embed927c]
[comicbookreadingorders.com/dc/characters/superboy-reading-order/index.html]
[comicbookreadingorders.com/wp-json/oembed/1.0/embedd04e.json]
[comicbookreadingorders.com/wp-json/oembed/1.0/embed97f3]
[comicbookreadingorders.com/dc/characters/supergirl-reading-order/index.html]
[comicbookreadingorders.com/wp-json/oembed/1.0/embedc22c.json]
[comicbookreadingorders.com/wp-json/oembed/1.0/embed0044]
[comicbookreadingorders.com/dc/characters/superman-reading-order/index.html]
[comicbookreadingorders.com/wp-json/oembed/1.0/embedb0b9.json]
[comicbookreadingorders.com/wp-json/oembed/1.0/embed9fb4]
[comicbookreadingorders.com/dc/characters/swamp-thing-reading-order/index.html]
[comicbookreadingorders.com/wp-json/oembed/1.0/embed30b4.json]
[comicbookreadingorders.com/wp-json/oembed/1.0/embed05e3]
[comicbookreadingorders.com/dc/characters/teen-titans-reading-order/index.html]
[comicbookreadingorders.com/wp-json/oembed/1.0/embed17e9.json]
[comicbookreadingorders.com/wp-json/oembed/1.0/embed02fc]
[comicbookreadingorders.com/dc/characters/tim-drake-reading-order/index.html]
[comicbookreadingorders.com/wp-json/oembed/1.0/embedd161.json]
[comicbookreadingorders.com/wp-json/oembed/1.0/embedf125]
[comicbookreadingorders.com/dc/characters/the-titans-reading-order/index.html]
[comicbookreadingorders.com/wp-json/oembed/1.0/embedb6b0.json]
[comicbookreadingorders.com/wp-json/oembed/1.0/embed452c]
[comicbookreadingorders.com/dc/characters/two-face-reading-order/index.html]
[comicbookreadingorders.com/wp-json/oembed/1.0/embed8916.json]
[comicbookreadingorders.com/wp-json/oembed/1.0/embed581a]
[comicbookreadingorders.com/dc/characters/wally-west-reading-order/index.html]
[comicbookreadingorders.com/wp-json/oembed/1.0/embed096f.json]
[comicbookreadingorders.com/wp-json/oembed/1.0/embed5897]
[comicbookreadingorders.com/dc/characters/wonder-woman-reading-order/index.html]
[comicbookreadingorders.com/wp-json/oembed/1.0/embed824d.json]
[comicbookreadingorders.com/wp-json/oembed/1.0/embedcc3f]
[comicbookreadingorders.com/dc/characters/zatanna-reading-order/index.html]
[comicbookreadingorders.com/wp-json/oembed/1.0/embed1a66.json]
[comicbookreadingorders.com/wp-json/wp/v2/pages/233.json]
[comicbookreadingorders.com/index85b0.html]
[comicbookreadingorders.com/wp-json/oembed/1.0/embedddc3.json]
[comicbookreadingorders.com/wp-json/oembed/1.0/embed0cd3]
[comicbookreadingorders.com/dc/dc-master-reading-order-part-1/index.html]
[comicbookreadingorders.com/wp-json/oembed/1.0/embed1336.json]
[comicbookreadingorders.com/wp-json/oembed/1.0/embed36bb]
[comicbookreadingorders.com/dc/dc-master-reading-order-part-3/index.html]
[comicbookreadingorders.com/wp-json/oembed/1.0/embed4257.json]
[comicbookreadingorders.com/wp-json/oembed/1.0/embed481e]
[comicbookreadingorders.com/dc/dc-master-reading-order-part-4/index.html]
[comicbookreadingorders.com/wp-json/oembed/1.0/embed8344.json]
[comicbookreadingorders.com/wp-json/oembed/1.0/embed52cf]
[comicbookreadingorders.com/dc/dc-master-reading-order-part-5/index.html]
[comicbookreadingorders.com/wp-json/oembed/1.0/embed11d0.json]
[comicbookreadingorders.com/wp-json/oembed/1.0/embed07fe]
[comicbookreadingorders.com/dc/dc-master-reading-order-part-7/index.html]
[comicbookreadingorders.com/wp-json/oembed/1.0/embed4fb6.json]
[comicbookreadingorders.com/wp-json/oembed/1.0/embede085]
[comicbookreadingorders.com/dc/dc-master-reading-order-part-8/index.html]
[comicbookreadingorders.com/wp-json/oembed/1.0/embed73c4.json]
[comicbookreadingorders.com/wp-json/oembed/1.0/embed5f20]
[comicbookreadingorders.com/dc/dc-all-in-reading-order/index.html]
[comicbookreadingorders.com/wp-json/wp/v2/pages/81.json]
[comicbookreadingorders.com/index44d0.html]
[comicbookreadingorders.com/wp-json/oembed/1.0/embed67c9.json]
[comicbookreadingorders.com/wp-json/oembed/1.0/embed267f]
[comicbookreadingorders.com/other/the-boys-reading-order/index.html]
[comicbookreadingorders.com/wp-json/oembed/1.0/embed61a0.json]
[comicbookreadingorders.com/wp-json/oembed/1.0/embedda31]
[comicbookreadingorders.com/other/buffyverse-reading-order/index.html]
[comicbookreadingorders.com/wp-json/oembed/1.0/embede952.json]
[comicbookreadingorders.com/wp-json/oembed/1.0/embed7c34]
[comicbookreadingorders.com/other/doctor-who-idw-reading-order/index.html]
[comicbookreadingorders.com/wp-json/oembed/1.0/embedd565.json]
[comicbookreadingorders.com/wp-json/oembed/1.0/embed64bb]
[comicbookreadingorders.com/other/doctor-who-titan-comics-reading-order/index.html]
[comicbookreadingorders.com/wp-json/oembed/1.0/embedcd00.json]
[comicbookreadingorders.com/wp-json/oembed/1.0/embed8179]
[comicbookreadingorders.com/other/fables-reading-order/index.html]
[comicbookreadingorders.com/wp-json/oembed/1.0/embedbd7c.json]
[comicbookreadingorders.com/wp-json/oembed/1.0/embedc53c]
[comicbookreadingorders.com/other/gi-joe-marvel-reading-order/index.html]
[comicbookreadingorders.com/wp-json/oembed/1.0/embed3eb2.json]
[comicbookreadingorders.com/wp-json/oembed/1.0/embed22d1]
[comicbookreadingorders.com/other/hellboy-mignolaverse-reading-order/index.html]
[comicbookreadingorders.com/wp-json/oembed/1.0/embeda231.json]
[comicbookreadingorders.com/wp-json/oembed/1.0/embed54e5]
[comicbookreadingorders.com/other/invincible-reading-order/index.html]
[comicbookreadingorders.com/wp-json/oembed/1.0/embed59dd.json]
[comicbookreadingorders.com/wp-json/oembed/1.0/embed81b9]
[comicbookreadingorders.com/other/irredeemable-incorruptible-reading-order/index.html]
[comicbookreadingorders.com/wp-json/oembed/1.0/embed6209.json]
[comicbookreadingorders.com/wp-json/oembed/1.0/embedc7f1]
[comicbookreadingorders.com/other/john-carter-dynamite-reading-order/index.html]
[comicbookreadingorders.com/wp-json/oembed/1.0/embed61e7.json]
[comicbookreadingorders.com/wp-json/oembed/1.0/embeddd4e-2]
[comicbookreadingorders.com/other/judge-dredd-2000-ad-reading-order/index.html]
[comicbookreadingorders.com/wp-json/oembed/1.0/embedf094.json]
[comicbookreadingorders.com/wp-json/oembed/1.0/embed2f95]
[comicbookreadingorders.com/other/planetary-reading-order/index.html]
[comicbookreadingorders.com/wp-json/oembed/1.0/embedfc86.json]
[comicbookreadingorders.com/wp-json/oembed/1.0/embed6598]
[comicbookreadingorders.com/other/prophet-reading-order/index.html]
[comicbookreadingorders.com/wp-json/oembed/1.0/embed4557.json]
[comicbookreadingorders.com/wp-json/oembed/1.0/embed3985]
[comicbookreadingorders.com/other/spawn-reading-order/index.html]
[comicbookreadingorders.com/wp-json/oembed/1.0/embed9204.json]
[comicbookreadingorders.com/wp-json/oembed/1.0/embedc105]
[comicbookreadingorders.com/other/star-wars-dark-horse-reading-order/index.html]
[comicbookreadingorders.com/wp-json/oembed/1.0/embed3571.json]
[comicbookreadingorders.com/wp-json/oembed/1.0/embedacfa]
[comicbookreadingorders.com/other/star-wars-marvel-reading-order/index.html]
[comicbookreadingorders.com/wp-json/oembed/1.0/embed197c.json]
[comicbookreadingorders.com/wp-json/oembed/1.0/embed94c3]
[comicbookreadingorders.com/other/teenage-mutant-ninja-turtles-idw-reading-order/index.html]
[comicbookreadingorders.com/wp-json/oembed/1.0/embedee9b.json]
[comicbookreadingorders.com/wp-json/oembed/1.0/embed9fba]
[comicbookreadingorders.com/other/watchmen-reading-order/index.html]
[comicbookreadingorders.com/wp-json/oembed/1.0/embed3536.json]
[comicbookreadingorders.com/wp-json/oembed/1.0/embed900c]
[comicbookreadingorders.com/other/conan-reading-list/index.html]
[comicbookreadingorders.com/wp-json/oembed/1.0/embed41d1.json]
[comicbookreadingorders.com/wp-json/oembed/1.0/embeda29c]
[comicbookreadingorders.com/other/godzilla-reading-list/index.html]
[comicbookreadingorders.com/wp-json/oembed/1.0/embeda43d.json]
[comicbookreadingorders.com/wp-json/oembed/1.0/embed5ff1]
[comicbookreadingorders.com/other/teenage-mutant-ninja-turtles-reading-list/index.html]
[comicbookreadingorders.com/wp-json/oembed/1.0/embed1667.json]
[comicbookreadingorders.com/wp-json/oembed/1.0/embed4185]
[comicbookreadingorders.com/other/brian-michael-bendis-reading-list/index.html]
[comicbookreadingorders.com/wp-json/oembed/1.0/embed0e4d.json]
[comicbookreadingorders.com/wp-json/oembed/1.0/embed7c81]
[comicbookreadingorders.com/other/ed-brubaker-reading-list/index.html]
[comicbookreadingorders.com/wp-json/oembed/1.0/embed89cc.json]
[comicbookreadingorders.com/wp-json/oembed/1.0/embed463c]
[comicbookreadingorders.com/other/garth-ennis-reading-list/index.html]
[comicbookreadingorders.com/wp-json/oembed/1.0/embed6502.json]
[comicbookreadingorders.com/wp-json/oembed/1.0/embed2b18]
[comicbookreadingorders.com/other/alan-moore-reading-list/index.html]
[comicbookreadingorders.com/wp-json/oembed/1.0/embed51dd.json]
[comicbookreadingorders.com/wp-json/oembed/1.0/embedff18]
[comicbookreadingorders.com/other/brian-k-vaughan-reading-list/index.html]
[comicbookreadingorders.com/wp-json/oembed/1.0/embed812b.json]
[comicbookreadingorders.com/wp-json/oembed/1.0/embed6e52]
[comicbookreadingorders.com/other/action-reading-list/index.html]
[comicbookreadingorders.com/wp-json/oembed/1.0/embedeba5.json]
[comicbookreadingorders.com/wp-json/oembed/1.0/embedce6c]
[comicbookreadingorders.com/other/crime-reading-list/index.html]
[comicbookreadingorders.com/wp-json/oembed/1.0/embed8ef3.json]
[comicbookreadingorders.com/wp-json/oembed/1.0/embedc59b]
[comicbookreadingorders.com/other/drama-reading-list/index.html]
[comicbookreadingorders.com/wp-json/oembed/1.0/embed17eb.json]
[comicbookreadingorders.com/wp-json/oembed/1.0/embedb520]
[comicbookreadingorders.com/other/science-fiction-reading-list/index.html]
[comicbookreadingorders.com/wp-json/oembed/1.0/embedf0eb.json]
[comicbookreadingorders.com/wp-json/oembed/1.0/embed34d4]
[comicbookreadingorders.com/other/zombie-reading-list/index.html]
[comicbookreadingorders.com/wp-json/oembed/1.0/embed7ab5.json]
[comicbookreadingorders.com/wp-json/oembed/1.0/embed8655]
[comicbookreadingorders.com/other/valiant-universe-reading-order/index.html]
[comicbookreadingorders.com/wp-json/oembed/1.0/embedfcd2.json]
[comicbookreadingorders.com/wp-json/oembed/1.0/embed2f47]
[comicbookreadingorders.com/other/harbinger-wars-reading-order/index.html]
[comicbookreadingorders.com/wp-json/oembed/1.0/embeddfec.json]
[comicbookreadingorders.com/wp-json/oembed/1.0/embeddd67]
[comicbookreadingorders.com/other/to-kill-a-king-reading-order/index.html]
[comicbookreadingorders.com/wp-json/oembed/1.0/embedc3dc.json]
[comicbookreadingorders.com/wp-json/oembed/1.0/embed827d]
[comicbookreadingorders.com/other/armor-hunters-reading-order/index.html]
[comicbookreadingorders.com/wp-json/oembed/1.0/embed4228.json]
[comicbookreadingorders.com/wp-json/oembed/1.0/embed92ca]
[comicbookreadingorders.com/other/4001-ad-reading-order/index.html]
[comicbookreadingorders.com/wp-json/oembed/1.0/embed1a15.json]
[comicbookreadingorders.com/wp-json/oembed/1.0/embedd1b2]
[comicbookreadingorders.com/other/gi-joe-idw-reading-order/index.html]
[comicbookreadingorders.com/wp-json/oembed/1.0/embed6f85.json]
[comicbookreadingorders.com/wp-json/oembed/1.0/embeda715]
[comicbookreadingorders.com/other/transformers-idw-reading-order/index.html]
[comicbookreadingorders.com/wp-json/oembed/1.0/embedd89c.json]
[comicbookreadingorders.com/wp-json/oembed/1.0/embedfadd]
[comicbookreadingorders.com/other/revolution-idw-reading-order/index.html]
[comicbookreadingorders.com/wp-json/wp/v2/pages/4199.json]
[comicbookreadingorders.com/index7a14.html]
[comicbookreadingorders.com/wp-json/oembed/1.0/embed6b8a.json]
[comicbookreadingorders.com/wp-json/oembed/1.0/embed76b3]
[comicbookreadingorders.com/dc/new-52-reading-order-part-1/index.html]
[comicbookreadingorders.com/wp-json/oembed/1.0/embedda82.json]
[comicbookreadingorders.com/wp-json/oembed/1.0/embed5698]
[comicbookreadingorders.com/dc/dc-rebirth-reading-order-part-1/index.html]
[comicbookreadingorders.com/wp-json/oembed/1.0/embedc227.json]
[comicbookreadingorders.com/wp-json/oembed/1.0/embed67af]
[comicbookreadingorders.com/dc/dc-rebirth-reading-order-part-2/index.html]
[comicbookreadingorders.com/wp-json/oembed/1.0/embeda471.json]
[comicbookreadingorders.com/wp-json/oembed/1.0/embed1e41]
[comicbookreadingorders.com/dc/dc-rebirth-reading-order-part-3/index.html]
[comicbookreadingorders.com/wp-json/oembed/1.0/embedfc6c.json]
[comicbookreadingorders.com/wp-json/oembed/1.0/embed13eb]
[comicbookreadingorders.com/marvel/marvel-now-reading-order-part-1/index.html]
[comicbookreadingorders.com/updates/moz-extension_/541a6bdc-df7d-413c-96d8-93c64446b6d0/js/app.html]
[comicbookreadingorders.com/wp-json/oembed/1.0/embed3c55.json]
[comicbookreadingorders.com/wp-json/oembed/1.0/embedb8f8]
[comicbookreadingorders.com/marvel/marvel-now-reading-order-part-2/index.html]
[comicbookreadingorders.com/wp-json/oembed/1.0/embed51f1.json]
[comicbookreadingorders.com/wp-json/oembed/1.0/embed80a2]
[comicbookreadingorders.com/dc/new-52-reading-order-part-3/index.html]
[comicbookreadingorders.com/wp-json/oembed/1.0/embed9c27.json]
[comicbookreadingorders.com/wp-json/oembed/1.0/embedffb3]
[comicbookreadingorders.com/dc/new-52-reading-order-part-2/index.html]
[comicbookreadingorders.com/wp-json/oembed/1.0/embedef1c.json]
[comicbookreadingorders.com/wp-json/oembed/1.0/embeda09a]
[comicbookreadingorders.com/marvel/all-new-all-different-marvel-reading-order-part-1/index.html]
[comicbookreadingorders.com/wp-json/oembed/1.0/embeda7b6.json]
[comicbookreadingorders.com/wp-json/oembed/1.0/embed32dc]
[comicbookreadingorders.com/marvel/all-new-all-different-marvel-reading-order-part-2/index.html]
[comicbookreadingorders.com/other/drama-reading-order/index.html]
[comicbookreadingorders.com/wp-json/wp/v2/pages/72.json]
[comicbookreadingorders.com/indexae74.html]
[comicbookreadingorders.com/wp-json/wp/v2/pages/70.json]
[comicbookreadingorders.com/index3f3a.html]
[comicbookreadingorders.com/wp-json/wp/v2/pages/6983.json]
[comicbookreadingorders.com/index6877.html]
[comicbookreadingorders.com/wp-json/wp/v2/pages/6981.json]
[comicbookreadingorders.com/indexaa38.html]
[comicbookreadingorders.com/wp-json/wp/v2/pages/6979.json]
[comicbookreadingorders.com/indexbf71.html]
[comicbookreadingorders.com/wp-json/wp/v2/pages/6977.json]
[comicbookreadingorders.com/index50c3.html]
[comicbookreadingorders.com/wp-json/wp/v2/pages/7685.json]
[comicbookreadingorders.com/indexe3f1.html]
[comicbookreadingorders.com/wp-json/wp/v2/pages/6975.json]
[comicbookreadingorders.com/indexe77b.html]
[comicbookreadingorders.com/wp-json/wp/v2/pages/6973.json]
[comicbookreadingorders.com/index185d.html]
[www.google.com/recaptcha/api2/index.html]
[www.gstatic.com/recaptcha/releases/zqB-6Xpbd3lCIvi7Tr2D0pob/recaptcha__en.js]
[comicbookreadingorders.com/wp-json/wp/v2/pages/290.json]
[comicbookreadingorders.com/index5b31.html]
[comicbookreadingorders.com/wp-json/wp/v2/pages/1848.json]
[comicbookreadingorders.com/index99de.html]
[comicbookreadingorders.com/wp-json/wp/v2/pages/1409.json]
[comicbookreadingorders.com/index724e.html]
[comicbookreadingorders.com/wp-json/wp/v2/pages/835.json]
[comicbookreadingorders.com/index7a13.html]
[comicbookreadingorders.com/wp-json/wp/v2/pages/5488.json]
[comicbookreadingorders.com/index3c5d.html]
[comicbookreadingorders.com/wp-json/wp/v2/pages/1494.json]
[comicbookreadingorders.com/index2987.html]
[comicbookreadingorders.com/wp-json/wp/v2/pages/1411.json]
[comicbookreadingorders.com/index0b5c.html]
[comicbookreadingorders.com/wp-json/wp/v2/pages/1072.json]
[comicbookreadingorders.com/index4b2e.html]
[comicbookreadingorders.com/wp-json/wp/v2/pages/961.json]
[comicbookreadingorders.com/indexf14d.html]
[comicbookreadingorders.com/wp-json/wp/v2/pages/973.json]
[comicbookreadingorders.com/index236f.html]
[comicbookreadingorders.com/wp-json/wp/v2/pages/885.json]
[comicbookreadingorders.com/index0c42.html]
[comicbookreadingorders.com/wp-json/wp/v2/pages/964.json]
[comicbookreadingorders.com/index325c.html]
[comicbookreadingorders.com/wp-json/wp/v2/pages/6216.json]
[comicbookreadingorders.com/indexf9c8.html]
[comicbookreadingorders.com/wp-json/wp/v2/pages/6336.json]
[comicbookreadingorders.com/index8022.html]
[comicbookreadingorders.com/wp-json/wp/v2/pages/6036.json]
[comicbookreadingorders.com/index364b.html]
[comicbookreadingorders.com/wp-json/wp/v2/pages/6106.json]
[comicbookreadingorders.com/index43f5.html]
[comicbookreadingorders.com/wp-json/wp/v2/pages/740.json]
[comicbookreadingorders.com/index8da8.html]
[comicbookreadingorders.com/wp-json/wp/v2/pages/744.json]
[comicbookreadingorders.com/index664b.html]
[comicbookreadingorders.com/wp-json/wp/v2/pages/747.json]
[comicbookreadingorders.com/indexa4b6.html]
[comicbookreadingorders.com/wp-json/wp/v2/pages/794.json]
[comicbookreadingorders.com/index3b2d.html]
[comicbookreadingorders.com/wp-json/wp/v2/pages/6032.json]
[comicbookreadingorders.com/indexb55b.html]
[comicbookreadingorders.com/wp-json/wp/v2/pages/797.json]
[comicbookreadingorders.com/index1ca9.html]
[comicbookreadingorders.com/wp-json/wp/v2/pages/800.json]
[comicbookreadingorders.com/indexcb2d.html]
[comicbookreadingorders.com/wp-json/wp/v2/pages/6208.json]
[comicbookreadingorders.com/index1d5a.html]
[comicbookreadingorders.com/wp-json/wp/v2/pages/803.json]
[comicbookreadingorders.com/index9628.html]
[comicbookreadingorders.com/wp-json/wp/v2/pages/2760.json]
[comicbookreadingorders.com/index4ad4.html]
[comicbookreadingorders.com/wp-json/wp/v2/pages/806.json]
[comicbookreadingorders.com/index20df.html]
[comicbookreadingorders.com/wp-json/wp/v2/pages/6339.json]
[comicbookreadingorders.com/index9e4d.html]
[comicbookreadingorders.com/wp-json/wp/v2/pages/838.json]
[comicbookreadingorders.com/indexec9a.html]
[comicbookreadingorders.com/wp-json/wp/v2/pages/814.json]
[comicbookreadingorders.com/index3eda.html]
[comicbookreadingorders.com/wp-json/wp/v2/pages/2762.json]
[comicbookreadingorders.com/index22c9.html]
[comicbookreadingorders.com/wp-json/wp/v2/pages/809.json]
[comicbookreadingorders.com/indexf53a.html]
[comicbookreadingorders.com/wp-json/wp/v2/pages/841.json]
[comicbookreadingorders.com/indexc308.html]
[comicbookreadingorders.com/wp-json/wp/v2/pages/844.json]
[comicbookreadingorders.com/indexd1fc.html]
[comicbookreadingorders.com/wp-json/wp/v2/pages/6609.json]
[comicbookreadingorders.com/index3bd9.html]
[comicbookreadingorders.com/wp-json/wp/v2/pages/5081.json]
[comicbookreadingorders.com/indexd814.html]
[comicbookreadingorders.com/wp-json/wp/v2/pages/847.json]
[comicbookreadingorders.com/indexdabb.html]
[comicbookreadingorders.com/wp-json/wp/v2/pages/850.json]
[comicbookreadingorders.com/indexfe6b.html]
[comicbookreadingorders.com/wp-json/wp/v2/pages/853.json]
[comicbookreadingorders.com/index9fe1.html]
[comicbookreadingorders.com/wp-json/wp/v2/pages/857.json]
[comicbookreadingorders.com/index6374.html]
[comicbookreadingorders.com/wp-json/wp/v2/pages/2766.json]
[comicbookreadingorders.com/index122c.html]
[comicbookreadingorders.com/wp-json/wp/v2/pages/860.json]
[comicbookreadingorders.com/index08e2.html]
[comicbookreadingorders.com/wp-json/wp/v2/pages/863.json]
[comicbookreadingorders.com/index5d95.html]
[comicbookreadingorders.com/wp-json/wp/v2/pages/866.json]
[comicbookreadingorders.com/indexb4d9.html]
[comicbookreadingorders.com/wp-json/wp/v2/pages/5825.json]
[comicbookreadingorders.com/index1cde.html]
[comicbookreadingorders.com/wp-json/wp/v2/pages/869.json]
[comicbookreadingorders.com/index71e2.html]
[comicbookreadingorders.com/wp-json/wp/v2/pages/6342.json]
[comicbookreadingorders.com/index07a0.html]
[comicbookreadingorders.com/wp-json/wp/v2/pages/872.json]
[comicbookreadingorders.com/index6239.html]
[comicbookreadingorders.com/wp-json/wp/v2/pages/875.json]
[comicbookreadingorders.com/index527a.html]
[comicbookreadingorders.com/wp-json/wp/v2/pages/4904.json]
[comicbookreadingorders.com/index38fc.html]
[comicbookreadingorders.com/wp-json/wp/v2/pages/6290.json]
[comicbookreadingorders.com/index1b36.html]
[comicbookreadingorders.com/wp-json/wp/v2/pages/879.json]
[comicbookreadingorders.com/index14d6.html]
[comicbookreadingorders.com/wp-json/wp/v2/pages/882.json]
[comicbookreadingorders.com/index8381.html]
[comicbookreadingorders.com/wp-json/wp/v2/pages/6345.json]
[comicbookreadingorders.com/index4271.html]
[comicbookreadingorders.com/wp-json/wp/v2/pages/888.json]
[comicbookreadingorders.com/indexc052.html]
[comicbookreadingorders.com/wp-json/wp/v2/pages/6210.json]
[comicbookreadingorders.com/indexfdc5.html]
[comicbookreadingorders.com/wp-json/wp/v2/pages/891.json]
[comicbookreadingorders.com/indexb541.html]
[comicbookreadingorders.com/wp-json/wp/v2/pages/894.json]
[comicbookreadingorders.com/index3861.html]
[comicbookreadingorders.com/wp-json/wp/v2/pages/897.json]
[comicbookreadingorders.com/index2cc4.html]
[comicbookreadingorders.com/wp-json/wp/v2/pages/900.json]
[comicbookreadingorders.com/index76da.html]
[comicbookreadingorders.com/wp-json/wp/v2/pages/903.json]
[comicbookreadingorders.com/index975b.html]
[comicbookreadingorders.com/wp-json/wp/v2/pages/906.json]
[comicbookreadingorders.com/indexea3e.html]
[comicbookreadingorders.com/wp-json/wp/v2/pages/909.json]
[comicbookreadingorders.com/index82dc.html]
[comicbookreadingorders.com/wp-json/wp/v2/pages/6582.json]
[comicbookreadingorders.com/index6ea1.html]
[comicbookreadingorders.com/marvel/events/gang-war-reading-order/moz-extension_/541a6bdc-df7d-413c-96d8-93c64446b6d0/js/app.html]
[comicbookreadingorders.com/wp-json/wp/v2/pages/912.json]
[comicbookreadingorders.com/index94f9.html]
[comicbookreadingorders.com/wp-json/wp/v2/pages/6276.json]
[comicbookreadingorders.com/indexe60f.html]
[comicbookreadingorders.com/wp-json/wp/v2/pages/919.json]
[comicbookreadingorders.com/index6f5e.html]
[comicbookreadingorders.com/wp-json/wp/v2/pages/6278.json]
[comicbookreadingorders.com/indexbeed.html]
[comicbookreadingorders.com/wp-json/wp/v2/pages/922.json]
[comicbookreadingorders.com/indexc8e5.html]
[comicbookreadingorders.com/wp-json/wp/v2/pages/925.json]
[comicbookreadingorders.com/indexd0d3.html]
[comicbookreadingorders.com/wp-json/wp/v2/pages/1057.json]
[comicbookreadingorders.com/indexf5bd.html]
[comicbookreadingorders.com/wp-json/wp/v2/pages/7200.json]
[comicbookreadingorders.com/indexf9d9.html]
[comicbookreadingorders.com/wp-json/wp/v2/pages/931.json]
[comicbookreadingorders.com/indexf785.html]
[comicbookreadingorders.com/wp-json/wp/v2/pages/942.json]
[comicbookreadingorders.com/index92c3.html]
[comicbookreadingorders.com/wp-json/wp/v2/pages/5828.json]
[comicbookreadingorders.com/indexd4e6.html]
[comicbookreadingorders.com/wp-json/wp/v2/pages/934.json]
[comicbookreadingorders.com/indexb82b.html]
[comicbookreadingorders.com/wp-json/wp/v2/pages/939.json]
[comicbookreadingorders.com/index68cd.html]
[comicbookreadingorders.com/wp-json/wp/v2/pages/945.json]
[comicbookreadingorders.com/index2a8d.html]
[comicbookreadingorders.com/wp-json/wp/v2/pages/5977.json]
[comicbookreadingorders.com/indexb0dd.html]
[comicbookreadingorders.com/wp-json/wp/v2/pages/948.json]
[comicbookreadingorders.com/indexeda8.html]
[comicbookreadingorders.com/wp-json/wp/v2/pages/5078.json]
[comicbookreadingorders.com/index74eb.html]
[comicbookreadingorders.com/wp-json/wp/v2/pages/1060.json]
[comicbookreadingorders.com/index07a6.html]
[comicbookreadingorders.com/wp-json/wp/v2/pages/6212.json]
[comicbookreadingorders.com/index85ad.html]
[comicbookreadingorders.com/wp-json/wp/v2/pages/6273.json]
[comicbookreadingorders.com/indexb993.html]
[comicbookreadingorders.com/wp-json/wp/v2/pages/951.json]
[comicbookreadingorders.com/index80d6.html]
[comicbookreadingorders.com/wp-json/wp/v2/pages/6348.json]
[comicbookreadingorders.com/indexc242.html]
[comicbookreadingorders.com/wp-json/wp/v2/pages/955.json]
[comicbookreadingorders.com/index2026.html]
[comicbookreadingorders.com/wp-json/wp/v2/pages/958.json]
[comicbookreadingorders.com/index1dd2.html]
[comicbookreadingorders.com/wp-json/wp/v2/pages/5789.json]
[comicbookreadingorders.com/indexf997.html]
[comicbookreadingorders.com/wp-json/wp/v2/pages/967.json]
[comicbookreadingorders.com/index2dce.html]
[comicbookreadingorders.com/wp-json/wp/v2/pages/970.json]
[comicbookreadingorders.com/index1469.html]
[comicbookreadingorders.com/wp-json/wp/v2/pages/976.json]
[comicbookreadingorders.com/indexf8c8.html]
[comicbookreadingorders.com/wp-json/wp/v2/pages/979.json]
[comicbookreadingorders.com/index4f47.html]
[comicbookreadingorders.com/wp-json/wp/v2/pages/982.json]
[comicbookreadingorders.com/index0849.html]
[comicbookreadingorders.com/wp-json/wp/v2/pages/5093.json]
[comicbookreadingorders.com/indexa6c0.html]
[comicbookreadingorders.com/wp-json/wp/v2/pages/985.json]
[comicbookreadingorders.com/indexdbf6.html]
[comicbookreadingorders.com/wp-json/wp/v2/pages/988.json]
[comicbookreadingorders.com/indexf4ce.html]
[comicbookreadingorders.com/wp-json/wp/v2/pages/991.json]
[comicbookreadingorders.com/index652e.html]
[comicbookreadingorders.com/wp-json/wp/v2/pages/994.json]
[comicbookreadingorders.com/index2132.html]
[comicbookreadingorders.com/wp-json/wp/v2/pages/7065.json]
[comicbookreadingorders.com/index9370.html]
[comicbookreadingorders.com/wp-json/wp/v2/pages/997.json]
[comicbookreadingorders.com/index7451.html]
[comicbookreadingorders.com/wp-json/wp/v2/pages/1000.json]
[comicbookreadingorders.com/indexbb97.html]
[comicbookreadingorders.com/wp-json/wp/v2/pages/1003.json]
[comicbookreadingorders.com/index5a7f.html]
[comicbookreadingorders.com/wp-json/wp/v2/pages/1006.json]
[comicbookreadingorders.com/index846b.html]
[comicbookreadingorders.com/wp-json/wp/v2/pages/1009.json]
[comicbookreadingorders.com/indexb6d0.html]
[comicbookreadingorders.com/wp-json/wp/v2/pages/1012.json]
[comicbookreadingorders.com/index8f57.html]
[comicbookreadingorders.com/wp-json/wp/v2/pages/1015.json]
[comicbookreadingorders.com/indexd7bf.html]
[comicbookreadingorders.com/wp-json/wp/v2/pages/1018.json]
[comicbookreadingorders.com/indexbd7b.html]
[comicbookreadingorders.com/wp-json/wp/v2/pages/2555.json]
[comicbookreadingorders.com/indexf51e.html]
[comicbookreadingorders.com/wp-json/wp/v2/pages/1021.json]
[comicbookreadingorders.com/indexfeab.html]
[comicbookreadingorders.com/wp-json/wp/v2/pages/1024.json]
[comicbookreadingorders.com/indexf0fa.html]
[comicbookreadingorders.com/wp-json/wp/v2/pages/1027.json]
[comicbookreadingorders.com/index1303.html]
[comicbookreadingorders.com/wp-json/wp/v2/pages/5252.json]
[comicbookreadingorders.com/index6a43.html]
[comicbookreadingorders.com/wp-json/wp/v2/pages/1030.json]
[comicbookreadingorders.com/indexd072.html]
[comicbookreadingorders.com/wp-json/wp/v2/pages/1033.json]
[comicbookreadingorders.com/index8b2f.html]
[comicbookreadingorders.com/wp-json/wp/v2/pages/1036.json]
[comicbookreadingorders.com/index6b6b.html]
[comicbookreadingorders.com/wp-json/wp/v2/pages/1039.json]
[comicbookreadingorders.com/index5900.html]
[comicbookreadingorders.com/wp-json/wp/v2/pages/1045.json]
[comicbookreadingorders.com/index44b6.html]
[comicbookreadingorders.com/wp-json/wp/v2/pages/1042.json]
[comicbookreadingorders.com/index817f.html]
[comicbookreadingorders.com/wp-json/wp/v2/pages/6386.json]
[comicbookreadingorders.com/indexb96b.html]
[comicbookreadingorders.com/marvel/events/sins-of-sinister-reading-order/moz-extension_/541a6bdc-df7d-413c-96d8-93c64446b6d0/js/app.html]
[comicbookreadingorders.com/wp-json/wp/v2/pages/5974.json]
[comicbookreadingorders.com/index6701.html]
[comicbookreadingorders.com/wp-json/wp/v2/pages/1048.json]
[comicbookreadingorders.com/index2b52.html]
[comicbookreadingorders.com/wp-json/wp/v2/pages/928.json]
[comicbookreadingorders.com/indexf065.html]
[comicbookreadingorders.com/wp-json/wp/v2/pages/1051.json]
[comicbookreadingorders.com/index29f2.html]
[comicbookreadingorders.com/wp-json/wp/v2/pages/1054.json]
[comicbookreadingorders.com/indexd030.html]
[comicbookreadingorders.com/wp-json/wp/v2/pages/2764.json]
[comicbookreadingorders.com/indexbc2b.html]
[comicbookreadingorders.com/wp-json/wp/v2/pages/1063.json]
[comicbookreadingorders.com/index6cfe.html]
[comicbookreadingorders.com/wp-json/wp/v2/pages/4818.json]
[comicbookreadingorders.com/index32da.html]
[comicbookreadingorders.com/wp-json/wp/v2/pages/1069.json]
[comicbookreadingorders.com/index9fb4.html]
[comicbookreadingorders.com/wp-json/wp/v2/pages/1066.json]
[comicbookreadingorders.com/index559c.html]
[comicbookreadingorders.com/wp-json/wp/v2/pages/7460.json]
[comicbookreadingorders.com/index9a31.html]
[comicbookreadingorders.com/wp-json/wp/v2/pages/1077.json]
[comicbookreadingorders.com/index8146.html]
[comicbookreadingorders.com/wp-json/wp/v2/pages/5822.json]
[comicbookreadingorders.com/indexaa28.html]
[comicbookreadingorders.com/wp-json/wp/v2/pages/6869.json]
[comicbookreadingorders.com/indexfd04.html]
[comicbookreadingorders.com/wp-json/wp/v2/pages/5521.json]
[comicbookreadingorders.com/index5b1d.html]
[comicbookreadingorders.com/wp-json/wp/v2/pages/1080.json]
[comicbookreadingorders.com/indexc7c9.html]
[comicbookreadingorders.com/wp-json/wp/v2/pages/6034.json]
[comicbookreadingorders.com/indexb9a5.html]
[comicbookreadingorders.com/wp-json/wp/v2/pages/1083.json]
[comicbookreadingorders.com/indexc30e.html]
[comicbookreadingorders.com/wp-json/wp/v2/pages/1086.json]
[comicbookreadingorders.com/index0a82.html]
[comicbookreadingorders.com/wp-json/wp/v2/pages/1089.json]
[comicbookreadingorders.com/indexf8dc.html]
[comicbookreadingorders.com/wp-json/wp/v2/pages/5088.json]
[comicbookreadingorders.com/indexd63f.html]
[comicbookreadingorders.com/wp-json/wp/v2/pages/6214.json]
[comicbookreadingorders.com/index16a2.html]
[comicbookreadingorders.com/wp-json/wp/v2/pages/1092.json]
[comicbookreadingorders.com/index3b75.html]
[comicbookreadingorders.com/wp-json/wp/v2/pages/7266.json]
[comicbookreadingorders.com/index167e.html]
[comicbookreadingorders.com/wp-json/wp/v2/pages/1096.json]
[comicbookreadingorders.com/index52a0.html]
[comicbookreadingorders.com/wp-json/wp/v2/pages/1099.json]
[comicbookreadingorders.com/index8f31.html]
[comicbookreadingorders.com/wp-json/wp/v2/pages/6560.json]
[comicbookreadingorders.com/index9e05.html]
[comicbookreadingorders.com/wp-json/wp/v2/pages/1102.json]
[comicbookreadingorders.com/indexc17f.html]
[comicbookreadingorders.com/wp-json/wp/v2/pages/1105.json]
[comicbookreadingorders.com/index26b0.html]
[comicbookreadingorders.com/wp-json/wp/v2/pages/1108.json]
[comicbookreadingorders.com/index9fb6.html]
[comicbookreadingorders.com/wp-json/wp/v2/pages/1111.json]
[comicbookreadingorders.com/index5ece.html]
[comicbookreadingorders.com/wp-json/wp/v2/pages/1114.json]
[comicbookreadingorders.com/indexe1d7.html]
[comicbookreadingorders.com/wp-json/wp/v2/pages/1117.json]
[comicbookreadingorders.com/index9e99.html]
[comicbookreadingorders.com/wp-json/wp/v2/pages/1120.json]
[comicbookreadingorders.com/index820a.html]
[comicbookreadingorders.com/wp-json/wp/v2/pages/1123.json]
[comicbookreadingorders.com/index9a82.html]
[comicbookreadingorders.com/wp-json/wp/v2/pages/1126.json]
[comicbookreadingorders.com/index55d9.html]
[comicbookreadingorders.com/wp-json/wp/v2/pages/6953.json]
[comicbookreadingorders.com/index376d.html]
[comicbookreadingorders.com/wp-json/wp/v2/pages/6891.json]
[comicbookreadingorders.com/indexacc6.html]
[comicbookreadingorders.com/wp-json/wp/v2/pages/7806.json]
[comicbookreadingorders.com/index7ec0.html]
[comicbookreadingorders.com/wp-json/wp/v2/pages/425.json]
[comicbookreadingorders.com/index27ac.html]
[comicbookreadingorders.com/wp-json/wp/v2/pages/437.json]
[comicbookreadingorders.com/index14c7.html]
[comicbookreadingorders.com/wp-json/wp/v2/pages/429.json]
[comicbookreadingorders.com/indexedce.html]
[comicbookreadingorders.com/wp-json/wp/v2/pages/444.json]
[comicbookreadingorders.com/indexb284.html]
[comicbookreadingorders.com/wp-json/wp/v2/pages/450.json]
[comicbookreadingorders.com/index9e0f.html]
[comicbookreadingorders.com/wp-content/uploads/mu2.svg]
[comicbookreadingorders.com/wp-json/wp/v2/pages/463.json]
[comicbookreadingorders.com/indexbbbc.html]
[comicbookreadingorders.com/wp-json/wp/v2/pages/466.json]
[comicbookreadingorders.com/index2905.html]
[comicbookreadingorders.com/wp-json/wp/v2/pages/469.json]
[comicbookreadingorders.com/indexa040.html]
[comicbookreadingorders.com/wp-json/wp/v2/pages/472.json]
[comicbookreadingorders.com/index8c8c.html]
[comicbookreadingorders.com/wp-json/wp/v2/pages/478.json]
[comicbookreadingorders.com/index50ba.html]
[comicbookreadingorders.com/wp-json/wp/v2/pages/481.json]
[comicbookreadingorders.com/indexf705.html]
[comicbookreadingorders.com/wp-json/wp/v2/pages/487.json]
[comicbookreadingorders.com/indexe3b6.html]
[comicbookreadingorders.com/wp-json/wp/v2/pages/490.json]
[comicbookreadingorders.com/indexb015.html]
[comicbookreadingorders.com/wp-json/wp/v2/pages/493.json]
[comicbookreadingorders.com/index7255.html]
[comicbookreadingorders.com/wp-json/wp/v2/pages/497.json]
[comicbookreadingorders.com/indexdd54.html]
[comicbookreadingorders.com/wp-json/wp/v2/pages/500.json]
[comicbookreadingorders.com/index2d25.html]
[comicbookreadingorders.com/wp-json/wp/v2/pages/503.json]
[comicbookreadingorders.com/index6c15.html]
[comicbookreadingorders.com/wp-json/wp/v2/pages/6721.json]
[comicbookreadingorders.com/indexfe59.html]
[comicbookreadingorders.com/wp-json/wp/v2/pages/506.json]
[comicbookreadingorders.com/index8ce5.html]
[comicbookreadingorders.com/wp-json/wp/v2/pages/512.json]
[comicbookreadingorders.com/indexb87d.html]
[comicbookreadingorders.com/wp-json/wp/v2/pages/516.json]
[comicbookreadingorders.com/index3ee1.html]
[comicbookreadingorders.com/wp-json/wp/v2/pages/4825.json]
[comicbookreadingorders.com/index42a3.html]
[comicbookreadingorders.com/wp-json/wp/v2/pages/6842.json]
[comicbookreadingorders.com/index5403.html]
[comicbookreadingorders.com/wp-json/wp/v2/pages/520.json]
[comicbookreadingorders.com/indexc37e.html]
[comicbookreadingorders.com/wp-json/wp/v2/pages/530.json]
[comicbookreadingorders.com/indexde52.html]
[comicbookreadingorders.com/wp-json/wp/v2/pages/533.json]
[comicbookreadingorders.com/index7414.html]
[comicbookreadingorders.com/wp-json/wp/v2/pages/537.json]
[comicbookreadingorders.com/indexfbc0.html]
[comicbookreadingorders.com/wp-json/wp/v2/pages/540.json]
[comicbookreadingorders.com/index092b.html]
[comicbookreadingorders.com/wp-json/wp/v2/pages/544.json]
[comicbookreadingorders.com/index044f.html]
[comicbookreadingorders.com/wp-json/wp/v2/pages/552.json]
[comicbookreadingorders.com/index5195.html]
[comicbookreadingorders.com/wp-json/wp/v2/pages/555.json]
[comicbookreadingorders.com/index960c.html]
[comicbookreadingorders.com/wp-json/wp/v2/pages/558.json]
[comicbookreadingorders.com/index193e.html]
[comicbookreadingorders.com/wp-json/wp/v2/pages/6863.json]
[comicbookreadingorders.com/index6f51.html]
[comicbookreadingorders.com/wp-json/wp/v2/pages/561.json]
[comicbookreadingorders.com/index4e57.html]
[comicbookreadingorders.com/wp-json/wp/v2/pages/564.json]
[comicbookreadingorders.com/index04f2.html]
[comicbookreadingorders.com/wp-json/wp/v2/pages/6893.json]
[comicbookreadingorders.com/indexb8f1.html]
[comicbookreadingorders.com/wp-json/wp/v2/pages/6578.json]
[comicbookreadingorders.com/index056b.html]
[comicbookreadingorders.com/wp-json/wp/v2/pages/567.json]
[comicbookreadingorders.com/index246f.html]
[comicbookreadingorders.com/wp-json/wp/v2/pages/6969.json]
[comicbookreadingorders.com/indexb139.html]
[comicbookreadingorders.com/wp-json/wp/v2/pages/570.json]
[comicbookreadingorders.com/indexfa8d.html]
[comicbookreadingorders.com/wp-json/wp/v2/pages/573.json]
[comicbookreadingorders.com/indexa1e2.html]
[comicbookreadingorders.com/wp-json/wp/v2/pages/576.json]
[comicbookreadingorders.com/indexaa4f.html]
[comicbookreadingorders.com/wp-json/wp/v2/pages/5842.json]
[comicbookreadingorders.com/indexb43a.html]
[comicbookreadingorders.com/wp-json/wp/v2/pages/579.json]
[comicbookreadingorders.com/indexc74d.html]
[comicbookreadingorders.com/wp-json/wp/v2/pages/582.json]
[comicbookreadingorders.com/index01e4.html]
[comicbookreadingorders.com/wp-json/wp/v2/pages/6913.json]
[comicbookreadingorders.com/indexa72d.html]
[comicbookreadingorders.com/wp-json/wp/v2/pages/6202.json]
[comicbookreadingorders.com/index99e0.html]
[comicbookreadingorders.com/wp-json/wp/v2/pages/6865.json]
[comicbookreadingorders.com/indexef1a.html]
[comicbookreadingorders.com/wp-json/wp/v2/pages/7264.json]
[comicbookreadingorders.com/index04b6.html]
[comicbookreadingorders.com/wp-json/wp/v2/pages/5153.json]
[comicbookreadingorders.com/index2ebc.html]
[comicbookreadingorders.com/wp-json/wp/v2/pages/588.json]
[comicbookreadingorders.com/indexc535.html]
[comicbookreadingorders.com/wp-json/wp/v2/pages/591.json]
[comicbookreadingorders.com/index81db.html]
[comicbookreadingorders.com/wp-json/wp/v2/pages/594.json]
[comicbookreadingorders.com/index3e9a.html]
[comicbookreadingorders.com/wp-json/wp/v2/pages/6182.json]
[comicbookreadingorders.com/index10c2.html]
[comicbookreadingorders.com/wp-json/wp/v2/pages/597.json]
[comicbookreadingorders.com/index53ba.html]
[comicbookreadingorders.com/wp-json/wp/v2/pages/6204.json]
[comicbookreadingorders.com/index4780.html]
[comicbookreadingorders.com/wp-json/wp/v2/pages/7003.json]
[comicbookreadingorders.com/index75be.html]
[comicbookreadingorders.com/wp-json/wp/v2/pages/600.json]
[comicbookreadingorders.com/index2b8b.html]
[comicbookreadingorders.com/wp-json/wp/v2/pages/606.json]
[comicbookreadingorders.com/indexce2e.html]
[comicbookreadingorders.com/wp-json/wp/v2/pages/6531.json]
[comicbookreadingorders.com/index71a3.html]
[comicbookreadingorders.com/wp-json/wp/v2/pages/6661.json]
[comicbookreadingorders.com/indexb506.html]
[comicbookreadingorders.com/wp-json/wp/v2/pages/609.json]
[comicbookreadingorders.com/index93f8.html]
[comicbookreadingorders.com/wp-json/wp/v2/pages/612.json]
[comicbookreadingorders.com/index4494.html]
[comicbookreadingorders.com/wp-json/wp/v2/pages/615.json]
[comicbookreadingorders.com/index2f7a.html]
[comicbookreadingorders.com/wp-json/wp/v2/pages/6989.json]
[comicbookreadingorders.com/indexc0dd.html]
[comicbookreadingorders.com/wp-json/wp/v2/pages/4785.json]
[comicbookreadingorders.com/indexab6a.html]
[comicbookreadingorders.com/wp-json/wp/v2/pages/618.json]
[comicbookreadingorders.com/indexab36.html]
[comicbookreadingorders.com/wp-json/wp/v2/pages/585.json]
[comicbookreadingorders.com/index33e1.html]
[comicbookreadingorders.com/wp-json/wp/v2/pages/6820.json]
[comicbookreadingorders.com/index3c8e.html]
[comicbookreadingorders.com/wp-json/wp/v2/pages/621.json]
[comicbookreadingorders.com/indexb022.html]
[comicbookreadingorders.com/wp-json/wp/v2/pages/6764.json]
[comicbookreadingorders.com/index08ab.html]
[comicbookreadingorders.com/wp-json/wp/v2/pages/624.json]
[comicbookreadingorders.com/index5a14.html]
[comicbookreadingorders.com/wp-json/wp/v2/pages/628.json]
[comicbookreadingorders.com/index9c09.html]
[comicbookreadingorders.com/wp-json/wp/v2/pages/6995.json]
[comicbookreadingorders.com/index7035.html]
[comicbookreadingorders.com/wp-json/wp/v2/pages/631.json]
[comicbookreadingorders.com/indexa123.html]
[comicbookreadingorders.com/wp-json/wp/v2/pages/7001.json]
[comicbookreadingorders.com/indexcbc1.html]
[comicbookreadingorders.com/wp-json/wp/v2/pages/6529.json]
[comicbookreadingorders.com/index4ced.html]
[comicbookreadingorders.com/wp-json/wp/v2/pages/640.json]
[comicbookreadingorders.com/index55df.html]
[comicbookreadingorders.com/wp-json/wp/v2/pages/634.json]
[comicbookreadingorders.com/index5cd0.html]
[comicbookreadingorders.com/wp-json/wp/v2/pages/637.json]
[comicbookreadingorders.com/index38bf.html]
[comicbookreadingorders.com/wp-json/wp/v2/pages/6961.json]
[comicbookreadingorders.com/indexac39.html]
[comicbookreadingorders.com/wp-json/wp/v2/pages/6867.json]
[comicbookreadingorders.com/indexde11.html]
[comicbookreadingorders.com/wp-json/wp/v2/pages/643.json]
[comicbookreadingorders.com/indexb0f8.html]
[comicbookreadingorders.com/wp-json/wp/v2/pages/646.json]
[comicbookreadingorders.com/index8bcd.html]
[comicbookreadingorders.com/wp-json/wp/v2/pages/649.json]
[comicbookreadingorders.com/index7b0e.html]
[comicbookreadingorders.com/wp-json/wp/v2/pages/652.json]
[comicbookreadingorders.com/index47dc.html]
[comicbookreadingorders.com/wp-json/wp/v2/pages/655.json]
[comicbookreadingorders.com/indexef11.html]
[comicbookreadingorders.com/wp-json/wp/v2/pages/658.json]
[comicbookreadingorders.com/indexc9c1.html]
[comicbookreadingorders.com/wp-json/wp/v2/pages/661.json]
[comicbookreadingorders.com/indexd4f5.html]
[comicbookreadingorders.com/wp-json/wp/v2/pages/664.json]
[comicbookreadingorders.com/index2fb6.html]
[comicbookreadingorders.com/wp-json/wp/v2/pages/667.json]
[comicbookreadingorders.com/indexf425.html]
[comicbookreadingorders.com/wp-json/wp/v2/pages/670.json]
[comicbookreadingorders.com/index767a.html]
[comicbookreadingorders.com/wp-json/wp/v2/pages/673.json]
[comicbookreadingorders.com/index8631.html]
[comicbookreadingorders.com/wp-json/wp/v2/pages/6895.json]
[comicbookreadingorders.com/index8ac3.html]
[comicbookreadingorders.com/wp-json/wp/v2/pages/6993.json]
[comicbookreadingorders.com/index8c75.html]
[comicbookreadingorders.com/wp-json/wp/v2/pages/676.json]
[comicbookreadingorders.com/index54f6.html]
[comicbookreadingorders.com/wp-json/wp/v2/pages/6959.json]
[comicbookreadingorders.com/index21d7.html]
[comicbookreadingorders.com/wp-json/wp/v2/pages/679.json]
[comicbookreadingorders.com/indexb4ec.html]
[comicbookreadingorders.com/wp-json/wp/v2/pages/682.json]
[comicbookreadingorders.com/index31fc.html]
[comicbookreadingorders.com/wp-json/wp/v2/pages/685.json]
[comicbookreadingorders.com/index0111.html]
[comicbookreadingorders.com/wp-json/wp/v2/pages/6200.json]
[comicbookreadingorders.com/index0f8a.html]
[comicbookreadingorders.com/wp-json/wp/v2/pages/7738.json]
[comicbookreadingorders.com/index220a.html]
[comicbookreadingorders.com/wp-json/wp/v2/pages/688.json]
[comicbookreadingorders.com/index5723.html]
[comicbookreadingorders.com/wp-json/wp/v2/pages/6015.json]
[comicbookreadingorders.com/index2e52.html]
[comicbookreadingorders.com/wp-json/wp/v2/pages/6659.json]
[comicbookreadingorders.com/index727c.html]
[comicbookreadingorders.com/wp-json/wp/v2/pages/691.json]
[comicbookreadingorders.com/index2025.html]
[comicbookreadingorders.com/wp-json/wp/v2/pages/6844.json]
[comicbookreadingorders.com/indexe188.html]
[comicbookreadingorders.com/wp-json/wp/v2/pages/694.json]
[comicbookreadingorders.com/index21fd.html]
[comicbookreadingorders.com/wp-json/wp/v2/pages/6580.json]
[comicbookreadingorders.com/index3ffe.html]
[comicbookreadingorders.com/wp-json/wp/v2/pages/697.json]
[comicbookreadingorders.com/index1c7e.html]
[comicbookreadingorders.com/wp-json/wp/v2/pages/700.json]
[comicbookreadingorders.com/index39c5.html]
[comicbookreadingorders.com/wp-json/wp/v2/pages/703.json]
[comicbookreadingorders.com/indexf993.html]
[comicbookreadingorders.com/wp-json/wp/v2/pages/706.json]
[comicbookreadingorders.com/indexf8ad.html]
[comicbookreadingorders.com/wp-json/wp/v2/pages/709.json]
[comicbookreadingorders.com/indexc344.html]
[comicbookreadingorders.com/wp-json/wp/v2/pages/712.json]
[comicbookreadingorders.com/indexbf05.html]
[comicbookreadingorders.com/wp-json/wp/v2/pages/715.json]
[comicbookreadingorders.com/index0c63.html]
[comicbookreadingorders.com/wp-json/wp/v2/pages/6816.json]
[comicbookreadingorders.com/indexc36f.html]
[comicbookreadingorders.com/wp-json/wp/v2/pages/6919.json]
[comicbookreadingorders.com/indexb0d6.html]
[comicbookreadingorders.com/wp-json/wp/v2/pages/6719.json]
[comicbookreadingorders.com/index9d90.html]
[comicbookreadingorders.com/wp-json/wp/v2/pages/6556.json]
[comicbookreadingorders.com/index2956.html]
[comicbookreadingorders.com/wp-json/wp/v2/pages/718.json]
[comicbookreadingorders.com/index12e9.html]
[comicbookreadingorders.com/wp-json/wp/v2/pages/721.json]
[comicbookreadingorders.com/index8bfb.html]
[comicbookreadingorders.com/wp-json/wp/v2/pages/7704.json]
[comicbookreadingorders.com/index6b62.html]
[comicbookreadingorders.com/wp-json/wp/v2/pages/724.json]
[comicbookreadingorders.com/index52c0.html]
[comicbookreadingorders.com/wp-json/wp/v2/pages/6965.json]
[comicbookreadingorders.com/indexdc66.html]
[comicbookreadingorders.com/wp-json/wp/v2/pages/727.json]
[comicbookreadingorders.com/index58a0.html]
[comicbookreadingorders.com/wp-json/wp/v2/pages/730.json]
[comicbookreadingorders.com/index7c89.html]
[comicbookreadingorders.com/wp-json/wp/v2/pages/733.json]
[comicbookreadingorders.com/index2531.html]
[comicbookreadingorders.com/wp-json/wp/v2/pages/736.json]
[comicbookreadingorders.com/indexdd7c.html]
[comicbookreadingorders.com/wp-json/wp/v2/pages/788.json]
[comicbookreadingorders.com/indexc2d1.html]
[comicbookreadingorders.com/wp-json/wp/v2/pages/791.json]
[comicbookreadingorders.com/index106b.html]
[comicbookreadingorders.com/wp-json/wp/v2/pages/1828.json]
[comicbookreadingorders.com/index9732.html]
[comicbookreadingorders.com/wp-json/wp/v2/pages/1838.json]
[comicbookreadingorders.com/indexd4e2.html]
[comicbookreadingorders.com/wp-json/wp/v2/pages/1840.json]
[comicbookreadingorders.com/index1a1d.html]
[comicbookreadingorders.com/wp-json/wp/v2/pages/1842.json]
[comicbookreadingorders.com/indexd6bf.html]
[comicbookreadingorders.com/wp-json/wp/v2/pages/1844.json]
[comicbookreadingorders.com/indexcbbb.html]
[comicbookreadingorders.com/wp-json/wp/v2/pages/1846.json]
[comicbookreadingorders.com/indexc3f5.html]
[comicbookreadingorders.com/wp-json/wp/v2/pages/1850.json]
[comicbookreadingorders.com/indexe7a1.html]
[comicbookreadingorders.com/wp-json/wp/v2/pages/1852.json]
[comicbookreadingorders.com/index42dd.html]
[comicbookreadingorders.com/wp-json/wp/v2/pages/1854.json]
[comicbookreadingorders.com/indexff4d.html]
[comicbookreadingorders.com/wp-json/wp/v2/pages/6242.json]
[comicbookreadingorders.com/index1ff8.html]
[comicbookreadingorders.com/wp-json/wp/v2/pages/6309.json]
[comicbookreadingorders.com/indexf3a4.html]
[comicbookreadingorders.com/wp-json/wp/v2/pages/6382.json]
[comicbookreadingorders.com/index7311.html]
[comicbookreadingorders.com/wp-json/wp/v2/pages/6604.json]
[comicbookreadingorders.com/index428d.html]
[comicbookreadingorders.com/wp-json/wp/v2/pages/7019.json]
[comicbookreadingorders.com/index046c.html]
[comicbookreadingorders.com/wp-json/wp/v2/pages/2124.json]
[comicbookreadingorders.com/index9924.html]
[comicbookreadingorders.com/wp-json/wp/v2/pages/2133.json]
[comicbookreadingorders.com/index6654.html]
[comicbookreadingorders.com/wp-json/wp/v2/pages/1413.json]
[comicbookreadingorders.com/indexc190.html]
[comicbookreadingorders.com/wp-json/wp/v2/pages/5198.json]
[comicbookreadingorders.com/indexcbb2.html]
[comicbookreadingorders.com/wp-json/wp/v2/pages/1216.json]
[comicbookreadingorders.com/index9f30.html]
[comicbookreadingorders.com/wp-json/wp/v2/pages/1398.json]
[comicbookreadingorders.com/indexe6a5.html]
[comicbookreadingorders.com/wp-json/wp/v2/pages/1280.json]
[comicbookreadingorders.com/index3faa.html]
[comicbookreadingorders.com/wp-json/wp/v2/pages/1237.json]
[comicbookreadingorders.com/indexdc2c.html]
[comicbookreadingorders.com/wp-json/wp/v2/pages/1246.json]
[comicbookreadingorders.com/index00ab.html]
[comicbookreadingorders.com/wp-json/wp/v2/pages/1771.json]
[comicbookreadingorders.com/index9625.html]
[comicbookreadingorders.com/wp-json/wp/v2/pages/292.json]
[comicbookreadingorders.com/index2af5.html]
[comicbookreadingorders.com/wp-json/wp/v2/pages/6768.json]
[comicbookreadingorders.com/indexf1b3.html]
[comicbookreadingorders.com/wp-json/wp/v2/pages/7268.json]
[comicbookreadingorders.com/indexe966.html]
[comicbookreadingorders.com/wp-json/wp/v2/pages/1132.json]
[comicbookreadingorders.com/index69dc.html]
[comicbookreadingorders.com/wp-json/wp/v2/pages/1136.json]
[comicbookreadingorders.com/index7fbc.html]
[comicbookreadingorders.com/wp-json/wp/v2/pages/1139.json]
[comicbookreadingorders.com/indexc2ab.html]
[comicbookreadingorders.com/wp-json/wp/v2/pages/1144.json]
[comicbookreadingorders.com/index1723.html]
[comicbookreadingorders.com/wp-json/wp/v2/pages/1147.json]
[comicbookreadingorders.com/index5a4f.html]
[comicbookreadingorders.com/wp-json/wp/v2/pages/1150.json]
[comicbookreadingorders.com/index8b53.html]
[comicbookreadingorders.com/wp-json/wp/v2/pages/1777.json]
[comicbookreadingorders.com/index7553.html]
[comicbookreadingorders.com/wp-json/wp/v2/pages/1153.json]
[comicbookreadingorders.com/index3f85.html]
[comicbookreadingorders.com/wp-json/wp/v2/pages/1156.json]
[comicbookreadingorders.com/indexe196.html]
[comicbookreadingorders.com/wp-json/wp/v2/pages/1159.json]
[comicbookreadingorders.com/index7914.html]
[comicbookreadingorders.com/wp-json/wp/v2/pages/1162.json]
[comicbookreadingorders.com/index7065.html]
[comicbookreadingorders.com/wp-json/wp/v2/pages/1166.json]
[comicbookreadingorders.com/index7117.html]
[comicbookreadingorders.com/wp-json/wp/v2/pages/1169.json]
[comicbookreadingorders.com/index043d.html]
[comicbookreadingorders.com/wp-json/wp/v2/pages/1172.json]
[comicbookreadingorders.com/index74ef.html]
[comicbookreadingorders.com/wp-json/wp/v2/pages/1175.json]
[comicbookreadingorders.com/index5d2a.html]
[comicbookreadingorders.com/wp-json/wp/v2/pages/1178.json]
[comicbookreadingorders.com/index5e52.html]
[comicbookreadingorders.com/wp-json/wp/v2/pages/1181.json]
[comicbookreadingorders.com/indexcd03.html]
[comicbookreadingorders.com/wp-json/wp/v2/pages/1184.json]
[comicbookreadingorders.com/index0ae6.html]
[comicbookreadingorders.com/wp-json/wp/v2/pages/1187.json]
[comicbookreadingorders.com/index9aa6.html]
[comicbookreadingorders.com/wp-json/wp/v2/pages/1190.json]
[comicbookreadingorders.com/index0959.html]
[comicbookreadingorders.com/wp-json/wp/v2/pages/1361.json]
[comicbookreadingorders.com/index652d.html]
[comicbookreadingorders.com/wp-json/wp/v2/pages/1193.json]
[comicbookreadingorders.com/indexbe7c.html]
[comicbookreadingorders.com/wp-json/wp/v2/pages/1196.json]
[comicbookreadingorders.com/index570b.html]
[comicbookreadingorders.com/wp-json/wp/v2/pages/1199.json]
[comicbookreadingorders.com/indexa4b1.html]
[comicbookreadingorders.com/wp-json/wp/v2/pages/1202.json]
[comicbookreadingorders.com/indexd230.html]
[comicbookreadingorders.com/wp-json/wp/v2/pages/1205.json]
[comicbookreadingorders.com/indexdf16.html]
[comicbookreadingorders.com/wp-json/wp/v2/pages/1208.json]
[comicbookreadingorders.com/index8330.html]
[comicbookreadingorders.com/wp-json/wp/v2/pages/6108.json]
[comicbookreadingorders.com/indexc3d9.html]
[comicbookreadingorders.com/wp-json/wp/v2/pages/1212.json]
[comicbookreadingorders.com/index7caf.html]
[comicbookreadingorders.com/wp-json/wp/v2/pages/1364.json]
[comicbookreadingorders.com/indexee0c.html]
[comicbookreadingorders.com/wp-json/wp/v2/pages/6395.json]
[comicbookreadingorders.com/index2300.html]
[comicbookreadingorders.com/wp-json/wp/v2/pages/6244.json]
[comicbookreadingorders.com/indexffce.html]
[comicbookreadingorders.com/wp-json/wp/v2/pages/5354.json]
[comicbookreadingorders.com/index33ab.html]
[comicbookreadingorders.com/wp-json/wp/v2/pages/1415.json]
[comicbookreadingorders.com/indexe2d5.html]
[comicbookreadingorders.com/wp-json/wp/v2/pages/6770.json]
[comicbookreadingorders.com/index7d0f.html]
[comicbookreadingorders.com/wp-json/wp/v2/pages/1219.json]
[comicbookreadingorders.com/indexb213.html]
[comicbookreadingorders.com/wp-json/wp/v2/pages/7426.json]
[comicbookreadingorders.com/index98a7.html]
[comicbookreadingorders.com/wp-json/wp/v2/pages/1222.json]
[comicbookreadingorders.com/index5708.html]
[comicbookreadingorders.com/wp-json/wp/v2/pages/1225.json]
[comicbookreadingorders.com/indexf5cb.html]
[comicbookreadingorders.com/wp-json/wp/v2/pages/4117.json]
[comicbookreadingorders.com/index03ce.html]
[comicbookreadingorders.com/wp-json/wp/v2/pages/6258.json]
[comicbookreadingorders.com/indexbb7a.html]
[comicbookreadingorders.com/wp-json/wp/v2/pages/1228.json]
[comicbookreadingorders.com/index5e1c.html]
[comicbookreadingorders.com/wp-json/wp/v2/pages/1231.json]
[comicbookreadingorders.com/indexb88e.html]
[comicbookreadingorders.com/wp-json/wp/v2/pages/6025.json]
[comicbookreadingorders.com/index6856.html]
[comicbookreadingorders.com/wp-json/wp/v2/pages/1234.json]
[comicbookreadingorders.com/indexaad3.html]
[comicbookreadingorders.com/wp-json/wp/v2/pages/6246.json]
[comicbookreadingorders.com/indexaa60.html]
[comicbookreadingorders.com/wp-json/wp/v2/pages/6111.json]
[comicbookreadingorders.com/index77ab.html]
[comicbookreadingorders.com/wp-json/wp/v2/pages/6313.json]
[comicbookreadingorders.com/index5ee5.html]
[comicbookreadingorders.com/wp-json/wp/v2/pages/3993.json]
[comicbookreadingorders.com/index9f49.html]
[comicbookreadingorders.com/wp-json/wp/v2/pages/1240.json]
[comicbookreadingorders.com/index6cb3.html]
[comicbookreadingorders.com/wp-json/wp/v2/pages/1243.json]
[comicbookreadingorders.com/index4e41.html]
[comicbookreadingorders.com/wp-json/wp/v2/pages/1249.json]
[comicbookreadingorders.com/index42fb.html]
[comicbookreadingorders.com/wp-json/wp/v2/pages/1252.json]
[comicbookreadingorders.com/indexb09c.html]
[comicbookreadingorders.com/wp-json/wp/v2/pages/1255.json]
[comicbookreadingorders.com/index3eeb.html]
[comicbookreadingorders.com/wp-json/wp/v2/pages/6248.json]
[comicbookreadingorders.com/index7cb7.html]
[comicbookreadingorders.com/wp-json/wp/v2/pages/1258.json]
[comicbookreadingorders.com/indexd106.html]
[comicbookreadingorders.com/wp-json/wp/v2/pages/6665.json]
[comicbookreadingorders.com/index92ae.html]
[comicbookreadingorders.com/wp-json/wp/v2/pages/1261.json]
[comicbookreadingorders.com/index4511.html]
[comicbookreadingorders.com/wp-json/wp/v2/pages/1264.json]
[comicbookreadingorders.com/index1d4f.html]
[comicbookreadingorders.com/wp-json/wp/v2/pages/1268.json]
[comicbookreadingorders.com/indexdc83.html]
[comicbookreadingorders.com/wp-json/wp/v2/pages/1271.json]
[comicbookreadingorders.com/index0ba7.html]
[comicbookreadingorders.com/wp-json/wp/v2/pages/1274.json]
[comicbookreadingorders.com/indexc2c4.html]
[comicbookreadingorders.com/wp-json/wp/v2/pages/6027.json]
[comicbookreadingorders.com/indexfb46.html]
[comicbookreadingorders.com/wp-json/wp/v2/pages/1277.json]
[comicbookreadingorders.com/indexa414.html]
[comicbookreadingorders.com/wp-json/wp/v2/pages/6114.json]
[comicbookreadingorders.com/indexb51d.html]
[comicbookreadingorders.com/wp-json/wp/v2/pages/6311.json]
[comicbookreadingorders.com/index2a30.html]
[comicbookreadingorders.com/wp-json/wp/v2/pages/5064.json]
[comicbookreadingorders.com/index95fc.html]
[comicbookreadingorders.com/wp-json/wp/v2/pages/1283.json]
[comicbookreadingorders.com/indexa542.html]
[comicbookreadingorders.com/wp-json/wp/v2/pages/1286.json]
[comicbookreadingorders.com/index4488.html]
[comicbookreadingorders.com/wp-json/wp/v2/pages/1290.json]
[comicbookreadingorders.com/indexab6b.html]
[comicbookreadingorders.com/wp-json/wp/v2/pages/1293.json]
[comicbookreadingorders.com/index4293.html]
[comicbookreadingorders.com/wp-json/wp/v2/pages/6253.json]
[comicbookreadingorders.com/index23bd.html]
[comicbookreadingorders.com/wp-json/wp/v2/pages/1297.json]
[comicbookreadingorders.com/index214b.html]
[comicbookreadingorders.com/wp-json/wp/v2/pages/1300.json]
[comicbookreadingorders.com/index2610.html]
[comicbookreadingorders.com/wp-json/wp/v2/pages/4753.json]
[comicbookreadingorders.com/indexcfaa.html]
[comicbookreadingorders.com/wp-json/wp/v2/pages/1367.json]
[comicbookreadingorders.com/index0228.html]
[comicbookreadingorders.com/wp-json/wp/v2/pages/6392.json]
[comicbookreadingorders.com/index5aa1.html]
[comicbookreadingorders.com/wp-json/wp/v2/pages/1303.json]
[comicbookreadingorders.com/index7a78.html]
[comicbookreadingorders.com/wp-json/wp/v2/pages/1809.json]
[comicbookreadingorders.com/indexd3cd.html]
[comicbookreadingorders.com/wp-json/wp/v2/pages/5167.json]
[comicbookreadingorders.com/index6fee.html]
[comicbookreadingorders.com/wp-json/wp/v2/pages/6398.json]
[comicbookreadingorders.com/index5a12.html]
[comicbookreadingorders.com/wp-json/wp/v2/pages/1306.json]
[comicbookreadingorders.com/indexc474.html]
[comicbookreadingorders.com/wp-json/wp/v2/pages/1309.json]
[comicbookreadingorders.com/indexdc32.html]
[comicbookreadingorders.com/wp-json/wp/v2/pages/1312.json]
[comicbookreadingorders.com/index3153.html]
[comicbookreadingorders.com/wp-json/wp/v2/pages/1315.json]
[comicbookreadingorders.com/index5f98.html]
[comicbookreadingorders.com/wp-json/wp/v2/pages/1825.json]
[comicbookreadingorders.com/index1b9e.html]
[comicbookreadingorders.com/wp-json/wp/v2/pages/4532.json]
[comicbookreadingorders.com/index462c.html]
[comicbookreadingorders.com/wp-json/wp/v2/pages/1318.json]
[comicbookreadingorders.com/indexba61.html]
[comicbookreadingorders.com/wp-json/wp/v2/pages/1321.json]
[comicbookreadingorders.com/indexb86d.html]
[comicbookreadingorders.com/wp-json/wp/v2/pages/1324.json]
[comicbookreadingorders.com/indexc1cc.html]
[comicbookreadingorders.com/wp-json/wp/v2/pages/1488.json]
[comicbookreadingorders.com/index5795.html]
[comicbookreadingorders.com/wp-json/wp/v2/pages/1327.json]
[comicbookreadingorders.com/index164e.html]
[comicbookreadingorders.com/wp-json/wp/v2/pages/1330.json]
[comicbookreadingorders.com/index86d6.html]
[comicbookreadingorders.com/wp-json/wp/v2/pages/1370.json]
[comicbookreadingorders.com/index8348.html]
[comicbookreadingorders.com/wp-json/wp/v2/pages/1333.json]
[comicbookreadingorders.com/indexdf39.html]
[comicbookreadingorders.com/wp-json/wp/v2/pages/1819.json]
[comicbookreadingorders.com/index6fe6.html]
[comicbookreadingorders.com/wp-json/wp/v2/pages/2363.json]
[comicbookreadingorders.com/indexc200.html]
[comicbookreadingorders.com/wp-json/wp/v2/pages/1336.json]
[comicbookreadingorders.com/index5c41.html]
[comicbookreadingorders.com/wp-json/wp/v2/pages/6315.json]
[comicbookreadingorders.com/index5476.html]
[comicbookreadingorders.com/wp-json/wp/v2/pages/1339.json]
[comicbookreadingorders.com/index9be9.html]
[comicbookreadingorders.com/wp-json/wp/v2/pages/1342.json]
[comicbookreadingorders.com/index12c3.html]
[comicbookreadingorders.com/wp-json/wp/v2/pages/1345.json]
[comicbookreadingorders.com/index9a45.html]
[comicbookreadingorders.com/wp-json/wp/v2/pages/1348.json]
[comicbookreadingorders.com/index0a64.html]
[comicbookreadingorders.com/wp-json/wp/v2/pages/1351.json]
[comicbookreadingorders.com/index48d3.html]
[comicbookreadingorders.com/wp-json/wp/v2/pages/6723.json]
[comicbookreadingorders.com/index77a7.html]
[comicbookreadingorders.com/wp-json/wp/v2/pages/1355.json]
[comicbookreadingorders.com/indexff96.html]
[comicbookreadingorders.com/wp-json/wp/v2/pages/5164.json]
[comicbookreadingorders.com/indexc958.html]
[comicbookreadingorders.com/wp-json/wp/v2/pages/2758.json]
[comicbookreadingorders.com/indexc446.html]
[comicbookreadingorders.com/wp-json/wp/v2/pages/1358.json]
[comicbookreadingorders.com/index1da8.html]
[comicbookreadingorders.com/wp-json/wp/v2/pages/1374.json]
[comicbookreadingorders.com/indexccbd.html]
[comicbookreadingorders.com/wp-json/wp/v2/pages/6667.json]
[comicbookreadingorders.com/indexdf66.html]
[comicbookreadingorders.com/wp-json/wp/v2/pages/2880.json]
[comicbookreadingorders.com/index7f75.html]
[comicbookreadingorders.com/wp-json/wp/v2/pages/6317.json]
[comicbookreadingorders.com/indexae9b.html]
[comicbookreadingorders.com/wp-json/wp/v2/pages/1377.json]
[comicbookreadingorders.com/index91ff.html]
[comicbookreadingorders.com/wp-json/wp/v2/pages/1380.json]
[comicbookreadingorders.com/index9ee8.html]
[comicbookreadingorders.com/wp-json/wp/v2/pages/1383.json]
[comicbookreadingorders.com/index59cd.html]
[comicbookreadingorders.com/wp-json/wp/v2/pages/1386.json]
[comicbookreadingorders.com/index3b66.html]
[comicbookreadingorders.com/wp-json/wp/v2/pages/1389.json]
[comicbookreadingorders.com/index5874.html]
[comicbookreadingorders.com/wp-json/wp/v2/pages/1392.json]
[comicbookreadingorders.com/indexd486.html]
[comicbookreadingorders.com/wp-json/wp/v2/pages/1395.json]
[comicbookreadingorders.com/index33ac.html]
[comicbookreadingorders.com/wp-json/wp/v2/pages/5051.json]
[comicbookreadingorders.com/index0b0e.html]
[comicbookreadingorders.com/wp-json/wp/v2/pages/1417.json]
[comicbookreadingorders.com/indexa90d.html]
[comicbookreadingorders.com/wp-json/wp/v2/pages/1421.json]
[comicbookreadingorders.com/index8303.html]
[comicbookreadingorders.com/wp-json/wp/v2/pages/6999.json]
[comicbookreadingorders.com/indexa856.html]
[comicbookreadingorders.com/wp-json/wp/v2/pages/1426.json]
[comicbookreadingorders.com/indexde70.html]
[comicbookreadingorders.com/wp-json/wp/v2/pages/1429.json]
[comicbookreadingorders.com/index919b.html]
[comicbookreadingorders.com/wp-json/wp/v2/pages/6323.json]
[comicbookreadingorders.com/indexbc14.html]
[comicbookreadingorders.com/wp-json/wp/v2/pages/1432.json]
[comicbookreadingorders.com/indexac80.html]
[comicbookreadingorders.com/wp-json/wp/v2/pages/6585.json]
[comicbookreadingorders.com/index0f0a.html]
[comicbookreadingorders.com/dc/characters/batman-beyond-reading-order/moz-extension_/541a6bdc-df7d-413c-96d8-93c64446b6d0/js/app.html]
[comicbookreadingorders.com/wp-json/wp/v2/pages/1436.json]
[comicbookreadingorders.com/indexc339.html]
[comicbookreadingorders.com/wp-json/wp/v2/pages/1439.json]
[comicbookreadingorders.com/index3898.html]
[comicbookreadingorders.com/wp-json/wp/v2/pages/1442.json]
[comicbookreadingorders.com/index8bab.html]
[comicbookreadingorders.com/wp-json/wp/v2/pages/1445.json]
[comicbookreadingorders.com/indexd53a.html]
[comicbookreadingorders.com/wp-json/wp/v2/pages/1448.json]
[comicbookreadingorders.com/index9a20.html]
[comicbookreadingorders.com/wp-json/wp/v2/pages/1451.json]
[comicbookreadingorders.com/index01b9.html]
[comicbookreadingorders.com/wp-json/wp/v2/pages/6005.json]
[comicbookreadingorders.com/indexd830.html]
[comicbookreadingorders.com/wp-json/wp/v2/pages/6558.json]
[comicbookreadingorders.com/indexb070.html]
[comicbookreadingorders.com/wp-json/wp/v2/pages/1454.json]
[comicbookreadingorders.com/index31c2.html]
[comicbookreadingorders.com/wp-json/wp/v2/pages/1457.json]
[comicbookreadingorders.com/index86f6.html]
[comicbookreadingorders.com/wp-json/wp/v2/pages/6951.json]
[comicbookreadingorders.com/index0a85.html]
[comicbookreadingorders.com/wp-json/wp/v2/pages/1460.json]
[comicbookreadingorders.com/indexbdb3.html]
[comicbookreadingorders.com/wp-json/wp/v2/pages/1463.json]
[comicbookreadingorders.com/indexb823.html]
[comicbookreadingorders.com/wp-json/wp/v2/pages/6963.json]
[comicbookreadingorders.com/index2936.html]
[comicbookreadingorders.com/wp-json/wp/v2/pages/7455.json]
[comicbookreadingorders.com/index0908.html]
[comicbookreadingorders.com/wp-json/wp/v2/pages/1733.json]
[comicbookreadingorders.com/indexf94f.html]
[comicbookreadingorders.com/wp-json/wp/v2/pages/6957.json]
[comicbookreadingorders.com/index75e5.html]
[comicbookreadingorders.com/wp-json/wp/v2/pages/6991.json]
[comicbookreadingorders.com/index7d16.html]
[comicbookreadingorders.com/wp-json/wp/v2/pages/1466.json]
[comicbookreadingorders.com/index7030.html]
[comicbookreadingorders.com/wp-json/wp/v2/pages/1470.json]
[comicbookreadingorders.com/index5880.html]
[comicbookreadingorders.com/wp-json/wp/v2/pages/1473.json]
[comicbookreadingorders.com/index9311.html]
[comicbookreadingorders.com/wp-json/wp/v2/pages/1476.json]
[comicbookreadingorders.com/index3be1.html]
[comicbookreadingorders.com/wp-json/wp/v2/pages/6008.json]
[comicbookreadingorders.com/index1213.html]
[comicbookreadingorders.com/wp-json/wp/v2/pages/1479.json]
[comicbookreadingorders.com/index2f99.html]
[comicbookreadingorders.com/wp-json/wp/v2/pages/6861.json]
[comicbookreadingorders.com/index5d51.html]
[comicbookreadingorders.com/wp-json/wp/v2/pages/6011.json]
[comicbookreadingorders.com/index7eea.html]
[comicbookreadingorders.com/wp-json/wp/v2/pages/6663.json]
[comicbookreadingorders.com/indexb2f7.html]
[comicbookreadingorders.com/wp-json/wp/v2/pages/6911.json]
[comicbookreadingorders.com/index894a.html]
[comicbookreadingorders.com/wp-json/wp/v2/pages/1736.json]
[comicbookreadingorders.com/indexb4b6.html]
[comicbookreadingorders.com/wp-json/wp/v2/pages/1482.json]
[comicbookreadingorders.com/indexbac1.html]
[comicbookreadingorders.com/wp-json/wp/v2/pages/1485.json]
[comicbookreadingorders.com/indexf53c.html]
[comicbookreadingorders.com/wp-json/wp/v2/pages/6917.json]
[comicbookreadingorders.com/index3f20.html]
[comicbookreadingorders.com/wp-json/wp/v2/pages/1548.json]
[comicbookreadingorders.com/index6d70.html]
[comicbookreadingorders.com/wp-json/wp/v2/pages/1551.json]
[comicbookreadingorders.com/indexeed3.html]
[comicbookreadingorders.com/wp-json/wp/v2/pages/6319.json]
[comicbookreadingorders.com/indexce98.html]
[comicbookreadingorders.com/wp-json/wp/v2/pages/5904.json]
[comicbookreadingorders.com/indexf90d.html]
[comicbookreadingorders.com/wp-json/wp/v2/pages/1557.json]
[comicbookreadingorders.com/indexd81c.html]
[comicbookreadingorders.com/wp-json/wp/v2/pages/1554.json]
[comicbookreadingorders.com/index1a80.html]
[comicbookreadingorders.com/wp-json/wp/v2/pages/1560.json]
[comicbookreadingorders.com/index9fdd.html]
[comicbookreadingorders.com/wp-json/wp/v2/pages/1583.json]
[comicbookreadingorders.com/indexd9dd.html]
[comicbookreadingorders.com/wp-json/wp/v2/pages/6818.json]
[comicbookreadingorders.com/index6fdd.html]
[comicbookreadingorders.com/wp-json/wp/v2/pages/1586.json]
[comicbookreadingorders.com/index676b.html]
[comicbookreadingorders.com/wp-json/wp/v2/pages/6846.json]
[comicbookreadingorders.com/indexac6c.html]
[comicbookreadingorders.com/wp-json/wp/v2/pages/6766.json]
[comicbookreadingorders.com/indexab01.html]
[comicbookreadingorders.com/wp-json/wp/v2/pages/1608.json]
[comicbookreadingorders.com/index735b.html]
[comicbookreadingorders.com/wp-json/wp/v2/pages/1611.json]
[comicbookreadingorders.com/index93ac.html]
[comicbookreadingorders.com/wp-json/wp/v2/pages/4234.json]
[comicbookreadingorders.com/indexc9cc.html]
[comicbookreadingorders.com/wp-json/wp/v2/pages/1614.json]
[comicbookreadingorders.com/index7c58.html]
[comicbookreadingorders.com/wp-json/wp/v2/pages/1617.json]
[comicbookreadingorders.com/index0143.html]
[comicbookreadingorders.com/wp-json/wp/v2/pages/1620.json]
[comicbookreadingorders.com/index8df3.html]
[comicbookreadingorders.com/wp-json/wp/v2/pages/1639.json]
[comicbookreadingorders.com/indexe38d.html]
[comicbookreadingorders.com/wp-json/wp/v2/pages/1642.json]
[comicbookreadingorders.com/index3515.html]
[comicbookreadingorders.com/wp-json/wp/v2/pages/2838.json]
[comicbookreadingorders.com/index03c0.html]
[comicbookreadingorders.com/wp-json/wp/v2/pages/1645.json]
[comicbookreadingorders.com/indexda0f.html]
[comicbookreadingorders.com/wp-json/wp/v2/pages/6897.json]
[comicbookreadingorders.com/indexac4c.html]
[comicbookreadingorders.com/wp-json/wp/v2/pages/6971.json]
[comicbookreadingorders.com/index2474.html]
[comicbookreadingorders.com/wp-json/wp/v2/pages/1648.json]
[comicbookreadingorders.com/indexd21a.html]
[comicbookreadingorders.com/wp-json/wp/v2/pages/1651.json]
[comicbookreadingorders.com/indexd15f.html]
[comicbookreadingorders.com/wp-json/wp/v2/pages/6955.json]
[comicbookreadingorders.com/index7e27.html]
[comicbookreadingorders.com/wp-json/wp/v2/pages/1690.json]
[comicbookreadingorders.com/index2a36.html]
[comicbookreadingorders.com/wp-json/wp/v2/pages/6985.json]
[comicbookreadingorders.com/index8185.html]
[comicbookreadingorders.com/wp-json/wp/v2/pages/6848.json]
[comicbookreadingorders.com/indexafd0.html]
[comicbookreadingorders.com/wp-json/wp/v2/pages/1693.json]
[comicbookreadingorders.com/indexaf21.html]
[comicbookreadingorders.com/wp-json/wp/v2/pages/1697.json]
[comicbookreadingorders.com/index0a58.html]
[comicbookreadingorders.com/wp-json/wp/v2/pages/1700.json]
[comicbookreadingorders.com/indexb5db.html]
[comicbookreadingorders.com/wp-json/wp/v2/pages/6814.json]
[comicbookreadingorders.com/indexfab0.html]
[comicbookreadingorders.com/wp-json/wp/v2/pages/1703.json]
[comicbookreadingorders.com/indexeb41.html]
[comicbookreadingorders.com/wp-json/wp/v2/pages/1739.json]
[comicbookreadingorders.com/index1c9c.html]
[comicbookreadingorders.com/wp-json/wp/v2/pages/6967.json]
[comicbookreadingorders.com/indexa3b6.html]
[comicbookreadingorders.com/wp-json/wp/v2/pages/3954.json]
[comicbookreadingorders.com/indexcbf1.html]
[comicbookreadingorders.com/wp-json/wp/v2/pages/1706.json]
[comicbookreadingorders.com/index086f.html]
[comicbookreadingorders.com/wp-json/wp/v2/pages/6997.json]
[comicbookreadingorders.com/indexe939.html]
[comicbookreadingorders.com/wp-json/wp/v2/pages/1742.json]
[comicbookreadingorders.com/indexe1b1.html]
[comicbookreadingorders.com/wp-json/wp/v2/pages/6022.json]
[comicbookreadingorders.com/index87ed.html]
[comicbookreadingorders.com/wp-json/wp/v2/pages/6987.json]
[comicbookreadingorders.com/index8092.html]
[comicbookreadingorders.com/wp-json/wp/v2/pages/1709.json]
[comicbookreadingorders.com/indexea45.html]
[comicbookreadingorders.com/wp-json/wp/v2/pages/6717.json]
[comicbookreadingorders.com/index38e5.html]
[comicbookreadingorders.com/wp-json/wp/v2/pages/1747.json]
[comicbookreadingorders.com/index664d.html]
[comicbookreadingorders.com/wp-json/wp/v2/pages/1712.json]
[comicbookreadingorders.com/index1ea8.html]
[comicbookreadingorders.com/wp-json/wp/v2/pages/6915.json]
[comicbookreadingorders.com/index775f.html]
[comicbookreadingorders.com/wp-json/wp/v2/pages/1715.json]
[comicbookreadingorders.com/indexc5b3.html]
[comicbookreadingorders.com/wp-json/wp/v2/pages/4215.json]
[comicbookreadingorders.com/index6b96.html]
[comicbookreadingorders.com/wp-json/wp/v2/pages/1718.json]
[comicbookreadingorders.com/indexb833.html]
[comicbookreadingorders.com/wp-json/wp/v2/pages/1721.json]
[comicbookreadingorders.com/index6ccc.html]
[comicbookreadingorders.com/wp-json/wp/v2/pages/1724.json]
[comicbookreadingorders.com/indexcc0b.html]
[comicbookreadingorders.com/wp-json/wp/v2/pages/1727.json]
[comicbookreadingorders.com/indexbda9.html]
[comicbookreadingorders.com/wp-json/wp/v2/pages/1730.json]
[comicbookreadingorders.com/index7418.html]
[comicbookreadingorders.com/wp-json/wp/v2/pages/1750.json]
[comicbookreadingorders.com/index3790.html]
[comicbookreadingorders.com/wp-json/wp/v2/pages/7706.json]
[comicbookreadingorders.com/index2dce-2.html]
[comicbookreadingorders.com/wp-json/wp/v2/pages/1753.json]
[comicbookreadingorders.com/index1334.html]
[comicbookreadingorders.com/wp-json/wp/v2/pages/1756.json]
[comicbookreadingorders.com/index17bd.html]
[comicbookreadingorders.com/wp-json/wp/v2/pages/1759.json]
[comicbookreadingorders.com/indexe41a.html]
[comicbookreadingorders.com/wp-json/wp/v2/pages/1762.json]
[comicbookreadingorders.com/indexd108.html]
[comicbookreadingorders.com/wp-json/wp/v2/pages/2122.json]
[comicbookreadingorders.com/index3e97.html]
[comicbookreadingorders.com/wp-json/wp/v2/pages/2126.json]
[comicbookreadingorders.com/index3ab5.html]
[comicbookreadingorders.com/wp-json/wp/v2/pages/2129.json]
[comicbookreadingorders.com/index9338.html]
[comicbookreadingorders.com/wp-json/wp/v2/pages/2131.json]
[comicbookreadingorders.com/index77e5.html]
[comicbookreadingorders.com/wp-json/wp/v2/pages/2135.json]
[comicbookreadingorders.com/indexbb9e.html]
[comicbookreadingorders.com/wp-json/wp/v2/pages/6260.json]
[comicbookreadingorders.com/indexa315.html]
[comicbookreadingorders.com/wp-json/wp/v2/pages/7102.json]
[comicbookreadingorders.com/index1bfb.html]
[comicbookreadingorders.com/wp-json/wp/v2/pages/4320.json]
[comicbookreadingorders.com/indexa791.html]
[comicbookreadingorders.com/wp-json/wp/v2/pages/4312.json]
[comicbookreadingorders.com/index528a.html]
[comicbookreadingorders.com/wp-json/wp/v2/pages/7661.json]
[comicbookreadingorders.com/index9824.html]
[comicbookreadingorders.com/wp-json/wp/v2/pages/7174.json]
[comicbookreadingorders.com/indexf73d.html]
[comicbookreadingorders.com/wp-json/wp/v2/pages/1890.json]
[comicbookreadingorders.com/index6867.html]
[comicbookreadingorders.com/wp-json/wp/v2/pages/6325.json]
[comicbookreadingorders.com/index318e.html]
[comicbookreadingorders.com/wp-json/wp/v2/pages/4747.json]
[comicbookreadingorders.com/index946e.html]
[comicbookreadingorders.com/wp-json/wp/v2/pages/7702.json]
[comicbookreadingorders.com/index6130.html]
[comicbookreadingorders.com/wp-json/wp/v2/pages/4777.json]
[comicbookreadingorders.com/indexfb1b.html]
[comicbookreadingorders.com/wp-json/wp/v2/pages/5959.json]
[comicbookreadingorders.com/index79da.html]
[comicbookreadingorders.com/wp-json/wp/v2/pages/4822.json]
[comicbookreadingorders.com/index2425.html]
[comicbookreadingorders.com/wp-json/wp/v2/pages/1899.json]
[comicbookreadingorders.com/indexc016.html]
[comicbookreadingorders.com/wp-json/wp/v2/pages/5830.json]
[comicbookreadingorders.com/index0c57.html]
[comicbookreadingorders.com/wp-json/wp/v2/pages/2988.json]
[comicbookreadingorders.com/index0aae.html]
[comicbookreadingorders.com/wp-json/wp/v2/pages/1902.json]
[comicbookreadingorders.com/index97f3.html]
[comicbookreadingorders.com/wp-json/wp/v2/pages/4405.json]
[comicbookreadingorders.com/index495c.html]
[comicbookreadingorders.com/wp-json/wp/v2/pages/1913.json]
[comicbookreadingorders.com/index8cdc.html]
[comicbookreadingorders.com/wp-json/wp/v2/pages/2155.json]
[comicbookreadingorders.com/index361a.html]
[comicbookreadingorders.com/wp-json/wp/v2/pages/4861.json]
[comicbookreadingorders.com/indexf518.html]
[comicbookreadingorders.com/wp-json/wp/v2/pages/4864.json]
[comicbookreadingorders.com/index8789.html]
[comicbookreadingorders.com/wp-json/wp/v2/pages/4366.json]
[comicbookreadingorders.com/indexe733.html]
[comicbookreadingorders.com/wp-json/wp/v2/pages/4376.json]
[comicbookreadingorders.com/index8fa6.html]
[comicbookreadingorders.com/wp-json/wp/v2/pages/4887.json]
[comicbookreadingorders.com/indexbed2.html]
[comicbookreadingorders.com/wp-json/wp/v2/pages/4379.json]
[comicbookreadingorders.com/indexa272.html]
[comicbookreadingorders.com/wp-json/wp/v2/pages/4884.json]
[comicbookreadingorders.com/indexe97c.html]
[comicbookreadingorders.com/wp-json/wp/v2/pages/4372.json]
[comicbookreadingorders.com/index1aeb.html]
[comicbookreadingorders.com/wp-json/wp/v2/pages/4382.json]
[comicbookreadingorders.com/index8fa7.html]
[comicbookreadingorders.com/wp-json/wp/v2/pages/4387.json]
[comicbookreadingorders.com/indexdcc1.html]
[comicbookreadingorders.com/wp-json/wp/v2/pages/4390.json]
[comicbookreadingorders.com/indexa581.html]
[comicbookreadingorders.com/wp-json/wp/v2/pages/4881.json]
[comicbookreadingorders.com/index6103.html]
[comicbookreadingorders.com/wp-json/wp/v2/pages/4876.json]
[comicbookreadingorders.com/index33a1.html]
[comicbookreadingorders.com/wp-json/wp/v2/pages/2991.json]
[comicbookreadingorders.com/indexc119.html]
[comicbookreadingorders.com/wp-json/wp/v2/pages/2996.json]
[comicbookreadingorders.com/index552f.html]
[comicbookreadingorders.com/wp-json/wp/v2/pages/2998.json]
[comicbookreadingorders.com/index233f.html]
[comicbookreadingorders.com/wp-json/wp/v2/pages/2994.json]
[comicbookreadingorders.com/indexa64b.html]
[comicbookreadingorders.com/wp-json/wp/v2/pages/4336.json]
[comicbookreadingorders.com/index53cc.html]
[comicbookreadingorders.com/wp-json/wp/v2/pages/4680.json]
[comicbookreadingorders.com/index4ed2.html]
[comicbookreadingorders.com/wp-json/wp/v2/pages/4678.json]
[comicbookreadingorders.com/index1b35.html]
[comicbookreadingorders.com/wp-json/wp/v2/pages/4682.json]
[comicbookreadingorders.com/index478a.html]
[comicbookreadingorders.com/wp-json/wp/v2/pages/3018.json]
[comicbookreadingorders.com/index7adf.html]
[comicbookreadingorders.com/wp-json/wp/v2/pages/5202.json]
[comicbookreadingorders.com/index9459.html]
[comicbookreadingorders.com/wp-json/wp/v2/pages/5486.json]
[comicbookreadingorders.com/index480a.html]
[comicbookreadingorders.com/wp-json/wp/v2/pages/6030.json]
[comicbookreadingorders.com/indexccba.html]
[comicbookreadingorders.com/wp-json/wp/v2/pages/2548.json]
[comicbookreadingorders.com/indexabc3.html]
[comicbookreadingorders.com/marvel/marvel-now-reading-order-part-1/moz-extension_/541a6bdc-df7d-413c-96d8-93c64446b6d0/js/app.html]
[comicbookreadingorders.com/wp-json/wp/v2/pages/2550.json]
[comicbookreadingorders.com/index100d.html]
[comicbookreadingorders.com/wp-json/wp/v2/pages/3022.json]
[comicbookreadingorders.com/index9d51.html]
[comicbookreadingorders.com/wp-json/wp/v2/pages/3020.json]
[comicbookreadingorders.com/index2941.html]
[comicbookreadingorders.com/wp-json/wp/v2/pages/5493.json]
[comicbookreadingorders.com/index47ec.html]
[comicbookreadingorders.com/wp-json/wp/v2/pages/5500.json]
[comicbookreadingorders.com/index9e74.html]
